1.243103112761523965e+00,1.461646412255729777e+00,1.428594896805982728e+00,1.217093948106155343e+00,1.350152783203445672e+00
9.177327049863583941e-01,1.021890288239968969e+00,1.284420805489324691e+00,8.617056200465009752e-01,1.272766398118164721e+00
8.306318892634064754e-01,1.154057038873593344e+00,5.307120938859375414e-01,4.226453175824594344e-01,6.675151074860895539e-01
8.213757667514471894e-01,8.109139931321659445e-01,1.088363838675959760e+00,1.528255224010354185e+00,9.616330787138959169e-01
1.096203226419117271e+00,1.222210434480910823e+00,7.785419394430831419e-01,6.794344780054646371e-01,1.393107290578461610e+00
1.256556539820031348e+00,1.235390630932451383e+00,1.249244715146181406e+00,8.901012358430686611e-01,1.278575174142610793e+00
8.337067092215155739e-01,1.419151647297049124e+00,1.253730470138577413e+00,6.317656612912651015e-01,9.270309474656175386e-01
1.503472162809891044e+00,6.598414433052823824e-01,9.051753840825805808e-01,6.558983097708070975e-01,1.482102726770980317e+00
9.608320119644353507e-01,1.332956737708800299e+00,1.238804624739889393e+00,9.273848403564527443e-01,8.647939542017573089e-01
5.437737152153493403e-01,1.229335270669585478e+00,1.100194357599545425e+00,1.319962910939531886e+00,8.491128165092483027e-01
1.422205450083816380e+00,1.226864721730047236e+00,1.210162887110405094e+00,1.439574312605067075e+00,7.386731966236650404e-01
1.141592839687665117e+00,1.638112657527354799e+00,1.138653722491338005e+00,1.368404844520189956e+00,1.459197893867050899e+00
7.906853869932006784e-01,1.201458169112286756e+00,1.574422275786680370e+00,1.131265217662081213e+00,8.085819555663097402e-01
9.999968602906337267e-01,9.130765966529693634e-01,1.035575234386218124e+00,1.577976291473772497e+00,7.725314914950108802e-01
1.128682441700043615e+00,7.594586763403367025e-01,1.062087811089996059e+00,7.522453204679480088e-01,1.348958906598179297e+00
1.213813464501390049e+00,1.129944326696430190e+00,7.148362054099435259e-01,1.172319230170614901e+00,8.459567985634974807e-01
1.496417956787268633e+00,1.274712374605022402e+00,1.060821924866895305e+00,9.071106747110078139e-01,1.038575273682181832e+00
1.254117455278784599e+00,1.256780243240023687e+00,1.098086562709819081e+00,1.009348173027901696e+00,1.049528261083983560e+00
8.083931202106873215e-01,8.562278386830995958e-01,7.506895186042719104e-01,9.394986636163754623e-01,1.092444776724804445e+00
1.097327705171988299e+00,1.220041845913967249e+00,1.188269552117855898e+00,1.152233601069936331e+00,1.218270400395623065e+00
1.226497156078171002e+00,9.215454165031982114e-01,1.195489580988929212e+00,1.131978056580694725e+00,7.497117329198191849e-01
5.649742188167173884e-01,5.507885037742956680e-01,7.574133287362881939e-01,1.289889104554203136e+00,5.385683664465213960e-01
9.563521470580940154e-01,9.349082067909316729e-01,1.229760888651315831e+00,9.925449882306423000e-01,9.993773934957114191e-01
1.236870346175372504e+00,1.368406762294168466e+00,8.429895751193641207e-01,1.115878138179632106e+00,7.973768486748754603e-01
1.149098852564500950e+00,1.638854785596230323e+00,9.351475850279562518e-01,9.307229588540204546e-01,1.597762632427946583e+00
7.720228077779183185e-01,1.038692527173566083e+00,6.305016252520527775e-01,6.834923411703309748e-01,1.328446236384478230e+00
8.592354622244764428e-01,9.265250873881658578e-01,1.141517131810136254e+00,1.570872581038514904e+00,9.973035077829317530e-01
9.260219457287371947e-01,1.015404217547454691e+00,9.723014241644506450e-01,8.879437509343937052e-01,7.982642629944648460e-01
9.789189192171591225e-01,1.172299383585870380e+00,1.390561383686633068e+00,1.247432683476349613e+00,1.087969225803153916e+00
1.093396491802333337e+00,1.356239658612191645e+00,1.162300177810189572e+00,1.010006281356922164e+00,1.664270785342552239e+00
1.512431577827633822e+00,1.389975063578197334e+00,1.454664637037776487e+00,6.742389017423018327e-01,7.482910397909012801e-01
1.258552627345552954e+00,1.408392662296708675e+00,8.623542867260848288e-01,1.049220509935403722e+00,1.139855617493964690e+00
9.012772315634230980e-01,1.058298113319518396e+00,1.460421066670652079e+00,1.431911819145713194e+00,8.572631680019664469e-01
1.133240908745015929e+00,1.370686319810291209e+00,8.462334828509978646e-01,1.168362825557231144e+00,7.741089338947658716e-01
1.320394635764280400e+00,7.582114303369267283e-01,1.280056441258446975e+00,1.046861996426825314e+00,1.173246468473306381e+00
6.150440030793881130e-01,7.024858700591440908e-01,9.281859139933168468e-01,8.192645526751534124e-01,1.014788345707970718e+00
1.288698104333795724e+00,8.621052040774708214e-01,1.527105874767140214e+00,1.120570052076411249e+00,7.840813728874581612e-01
9.992866662624412255e-01,1.197658363827215355e+00,6.685607668079108779e-01,1.089625602777609448e+00,1.058454262216443675e+00
1.270441877353534643e+00,8.812798348944015370e-01,1.024642474833560524e+00,1.119002136587914142e+00,1.404168801701000779e+00
1.391473443735067761e+00,9.060601182214620408e-01,7.566851452973708536e-01,1.508441210714498881e+00,1.495869862506467696e+00
1.123320930635018922e+00,5.748152882889056015e-01,1.064150014729827065e+00,8.369768728435330596e-01,1.148902228115621593e+00
1.408436277132792736e+00,1.177222389364942057e+00,1.060189443050685298e+00,1.282498652863558686e+00,1.021697787330131169e+00
1.587902797320474457e+00,1.872383485789090640e+00,1.369938930237089014e+00,1.471906865323213909e+00,1.059273572357685600e+00
5.141082306176051331e-01,1.277270224661417597e+00,1.310586903598307540e+00,1.346574657893212734e+00,1.028567196449576393e+00
1.128142958077085867e+00,1.195713017218696494e+00,1.365248000389355232e+00,1.200362068620958178e+00,1.289502907318393676e+00
1.163859556968782183e+00,1.414355018834006161e+00,1.512826064913564972e+00,7.346708016825488352e-01,1.172123125680041067e+00
9.585989340857308250e-01,1.223058480298404804e+00,1.201739305011944481e+00,4.919292392806001168e-01,7.705325600267960429e-01
1.439833872606688381e+00,1.343779841796739039e+00,9.169679240258346020e-01,1.352535983453207802e+00,7.758121978910117456e-01
1.313577868982733099e+00,8.705509208269649468e-01,1.163704701230530825e+00,9.828622644616723525e-01,1.267662083841343268e+00
6.163498219545126000e-01,8.565572567057361253e-01,8.574017082489645558e-01,1.009250113097879709e+00,9.971491525323373795e-01
1.388870634078049449e+00,1.056219452942853465e+00,1.460745096481381955e+00,9.809186916629547559e-01,1.316443595002663391e+00
1.385986522904914198e+00,1.271154021404359735e+00,1.139818836213221109e+00,1.372894859673004175e+00,1.350141966500990831e+00
1.426648944549554487e+00,1.309326837306278968e+00,1.068313551878028678e+00,1.055766539305747376e+00,1.556119364815006900e+00
2.863082395142904080e-01,1.105805706678374190e+00,5.814011253574612459e-01,1.123565773909787069e+00,1.178195417361263431e+00
9.927679212290354549e-01,5.591069373925081631e-01,8.493712087835477709e-01,7.815966179553742732e-01,9.274467663780020521e-01
1.070471457641557489e+00,1.318754875222372336e+00,1.050253516320012626e+00,1.117052274660716549e+00,1.252284517713027290e+00
9.088316266490962247e-01,1.109229058588342198e+00,1.227690753470223273e+00,1.116967421293181273e+00,9.633843514506919004e-01
1.060295508957593835e+00,1.338021570342409650e+00,1.106857696793846602e+00,1.339053902495064508e+00,1.266665695073242670e+00
1.031263548698001742e+00,1.207503669650829448e+00,1.110748156629631556e+00,1.444023440172784944e+00,1.499661607021040455e+00
7.089745938388248847e-01,1.307640390984233569e+00,7.483246303703251501e-01,8.943284909163535801e-01,1.207058829059057814e+00
1.413066675829036889e+00,1.180313205503599860e+00,7.773373085495205448e-01,1.098477969130981391e+00,1.137090884053400863e+00
1.221445886406673287e+00,1.527951239487850943e+00,1.101831927324989913e+00,1.295582082843578009e+00,1.070487683057977257e+00
7.829547362269312361e-01,1.144215014458887181e+00,1.161080704947757392e+00,1.052658027877355851e+00,1.160143612866399332e+00
9.981722198193241358e-01,1.178422132513336829e+00,1.299811121910638745e+00,1.113481417144628782e+00,1.169485483093539058e+00
1.373793458462496231e+00,1.505280794041551795e+00,1.119079178874643921e+00,6.407157270399408411e-01,8.336271187614811007e-01
1.389406436515942200e+00,1.242135728258287219e+00,1.292462716495322406e+00,1.166411791697002931e+00,1.086231436904804726e+00
1.092902971440636195e+00,5.384685953017028792e-01,1.177071254816263179e+00,1.330714454591866991e+00,1.271001344311284198e+00
9.832959459076480169e-01,1.084802281784222222e+00,1.040906069540448842e+00,1.070760946200301822e+00,9.502233122563390477e-01
1.069239828833234096e+00,1.413943301075204273e+00,1.408128110481224438e+00,1.146322185154178053e+00,1.295491851941400485e+00
9.179434304501257191e-01,1.058229568724023961e+00,1.632073957736486003e+00,1.443508950176364714e+00,8.888541060012955519e-01
1.338322478711729380e+00,1.039196178075704413e+00,1.218556202347034434e+00,8.630217950670880933e-01,8.911121522829001940e-01
1.399552228404527199e+00,1.039998427904913259e+00,1.349998964506008203e+00,8.434507347809537814e-01,1.241792961034321463e+00
1.300267777144227255e+00,1.315862103657154947e+00,1.004314472485697163e+00,1.200952870180094223e+00,9.321561193344802820e-01
1.342890124055357903e+00,1.137332971004342275e+00,9.974106659375415740e-01,1.071135616237130161e+00,1.679221854678693227e+00
1.195621978710147415e+00,1.126041535670421201e+00,1.002206931022782577e+00,6.548151712142121772e-01,7.609071236150526385e-01
8.744579037659420129e-01,5.330349888343395293e-01,1.184705757558770056e+00,8.320538575530074255e-01,1.044509041646632053e+00
8.099365793753171561e-01,1.600956274047043548e+00,1.404172984581524286e+00,6.555157217962321869e-01,7.882519717749716381e-01
5.439015085747277434e-01,1.018320815497141041e+00,1.111006990150015694e+00,1.182267160988504484e+00,1.043470548234424422e+00
8.202006348282225856e-01,1.213711491598516101e+00,1.334962330373808514e+00,1.170494777382558471e+00,1.509962129906103678e+00
1.441022721046296473e+00,1.515781913562981531e+00,9.996413693692660640e-01,1.380482419337913935e+00,1.160221231647651230e+00
7.577830202658560887e-01,6.837064718496275173e-01,9.396751537261883724e-01,5.883331671299286691e-01,9.418093635552902132e-01
8.719006184358283340e-01,1.394119015777657511e+00,9.209012745197906469e-01,1.169796446885540186e+00,1.196971091538462817e+00
1.339161474874513535e+00,4.933101169174399780e-01,1.213146818003971283e+00,9.453703138620703772e-01,8.884905311644918369e-01
1.098814413602338780e+00,1.333157305234700996e+00,9.831165519265538943e-01,1.117499449533733369e+00,1.091396116095094015e+00
9.691577933382287124e-01,1.034577032589962808e+00,1.083488995781568542e+00,1.255441648615688077e+00,1.282456338531816620e+00
1.267718753182713654e+00,9.291784111878876873e-01,1.476214421064542703e+00,8.919104278940857000e-01,1.175792626414863040e+00
7.479445025763405974e-01,1.618977536702215891e+00,7.679941005409942623e-01,1.045544575016842836e+00,1.071175168424728819e+00
8.880298900785390526e-01,1.380797054809139723e+00,1.322128152296162540e+00,1.519790881859236054e+00,7.432479513282057582e-01
1.437955829182162804e+00,1.394511356197032148e+00,1.011687577210500510e+00,9.892201039456609557e-01,8.830004731674974128e-01
9.833924199257249033e-01,1.163965326482687912e+00,1.505256478408323551e+00,1.143175847922868860e+00,1.442746835746685052e+00
6.770123000454422169e-01,1.258421043179778209e+00,1.175123189316267913e+00,1.170008018017065110e+00,1.034430794497759765e+00
1.173959036408267265e+00,9.831989438948264270e-01,1.119203243279415672e+00,1.209458597850354256e+00,1.239117769156678595e+00
1.510817362498664940e+00,1.477603406963588828e+00,1.261276245847782640e+00,1.592146413437031338e+00,1.022540896005479816e+00
1.082501248807404393e+00,9.432851924524207066e-01,1.207231019708258968e+00,3.704329373997271579e-01,1.043294737981965703e+00
1.224327387614863483e+00,1.281184418149685422e+00,1.063418616156522667e+00,1.421605727519623885e+00,1.209732752960736013e+00
1.266224825872930948e+00,1.116207282791416677e+00,1.237231270024134577e+00,7.933628324722988845e-01,1.291438590912244333e+00
1.450276644087393763e+00,1.153628328534378467e+00,1.033651688584034778e+00,1.221467936494659234e+00,1.379504953834054248e+00
9.905087073495624228e-01,1.271995087101245980e+00,1.202325383606605680e+00,1.417964921351002383e+00,9.556689413189746185e-01
1.459054872151790194e+00,1.132286097577794415e+00,1.140479298147226928e+00,1.348234855614388827e+00,1.271019849891700915e+00
1.228656707240814328e+00,1.480646518760483366e+00,1.226150318462612354e+00,1.207214323193756655e+00,8.109606283557042605e-01
1.063734903336456039e+00,1.215985488892756594e+00,9.673086789655249706e-01,1.357141110298624165e+00,1.008874971370183005e+00
7.248564259134778753e-01,1.025743748376161335e+00,1.064314561511217727e+00,1.193504811727517323e+00,1.172043604244661141e+00
1.234275816028321815e+00,1.065809431721899569e+00,1.444308449078023582e+00,1.149542042026749256e+00,1.044526019720152465e+00
7.981151624850690851e-01,1.127481883530338846e+00,1.227465967618661891e+00,1.303065857949053497e+00,1.078977455823059817e+00
1.172484979835432650e+00,1.208090778646550456e+00,1.430950645073953753e+00,1.255514398223163575e+00,1.212834847588626586e+00
1.305154207606116668e+00,1.106076699551624909e+00,1.392503357149520893e+00,1.349610372160699345e+00,1.166400273602229198e+00
1.327912991443648716e+00,1.399990296298313730e+00,1.436516813691759653e+00,4.842191323934628144e-01,1.125388566116009237e+00
1.300906935095868855e+00,9.739197152710723504e-01,1.324520566720722048e+00,1.512480226875973832e+00,1.053972532229292991e+00
8.661327700434230392e-01,7.525160273364929209e-01,1.187384736555222586e+00,7.922571777855057507e-01,1.394259784121936852e+00
8.465877248300528457e-01,1.011727521590159551e+00,1.140740138748234545e+00,1.400278347630251163e+00,1.047310013900672798e+00
1.149384876748047457e+00,1.027399570272506724e+00,1.169360612553788537e+00,1.253999230824077049e+00,9.413094412422620128e-01
5.987233067294618349e-01,9.820756375695991469e-01,1.121918539701626027e+00,1.283338158243361171e+00,1.258907632349673289e+00
1.062472387649556760e+00,1.192422959517415171e+00,1.164511131708297675e+00,1.119565710390613367e+00,1.184756451820998535e+00
1.059586932694269512e+00,9.478425925476614555e-01,1.157055022924416088e+00,4.969385265426080611e-01,1.108197801516346725e+00
9.006651381999299932e-01,1.139852638159736919e+00,1.277586431705838299e+00,1.252351109165034559e+00,1.298960187658158238e+00
1.172735610271245177e+00,1.405958613755823983e+00,8.703811152743903268e-01,9.373934043052056797e-01,7.528845536452328790e-01
9.246883616242946857e-01,9.132402203505810556e-01,1.192357226982312834e+00,1.227573357257289111e+00,9.874299917180967556e-01
7.951206561861934308e-01,8.471492208996926898e-01,8.636271038070041373e-01,1.171538509562833452e+00,1.302256888831901938e+00
1.543692390953100624e+00,1.170856375505622271e+00,1.439878830200797211e+00,1.213770522440170030e+00,1.053989081950083673e+00
8.961221432225882078e-01,8.235257629931860279e-01,1.325171148044263614e+00,9.321095204465458250e-01,9.843340117445581461e-01
8.268989096830504648e-01,7.301458966265139683e-01,1.401486386961058539e+00,1.100598908868898107e+00,8.917547212654568511e-01
1.365399291285237737e+00,1.389989869943908163e+00,1.638925268537358759e+00,1.224968946750767618e+00,1.150079178203254004e+00
1.417405483462411686e+00,8.493739875733339328e-01,1.059396128133347714e+00,1.368545509334579302e+00,9.172063975840386574e-01
6.279943268270821166e-01,1.320548927781430626e+00,1.400287631231533325e+00,1.296071860683946086e+00,1.140901362697918975e+00
1.048404005573471132e+00,1.198176008846039586e+00,1.177063679608121971e+00,1.201621156632435516e+00,1.369477699036319107e+00
5.600260008375407272e-01,1.111358899789316013e+00,1.054238872997357079e+00,9.639175630040948128e-01,1.129445293994493005e+00
7.079252834364543334e-01,5.785384814335554626e-01,1.390634820736502020e+00,8.608956824465491264e-01,5.542711355189858802e-01
1.291153839331064201e+00,8.250624330463771638e-01,1.285152001456715931e+00,9.041680071993070111e-01,1.538814297652954188e+00
1.566675402557906605e+00,1.151269048660280125e+00,9.524386825320237948e-01,1.013036760562287197e+00,1.232975201266553578e+00
1.191443732041857828e+00,8.746679416519123063e-01,1.152964790642267312e+00,9.608033476896790104e-01,9.070180139704765443e-01
1.142242232627861176e+00,6.393750577015440140e-01,1.266439309896756127e+00,1.139214264497174778e+00,5.565612010775012886e-01
7.088356206106679602e-01,1.028810097154801539e+00,9.032593984615459037e-01,9.518885575592771486e-01,1.006943877982129809e+00
1.055140295052833910e+00,1.181580987443184183e+00,6.842877270993864558e-01,7.796788605485124313e-01,6.101642226153086712e-01
1.008420385493339566e+00,7.178070240589137230e-01,1.315940984296390059e+00,1.189148707828459495e+00,1.105062847922468006e+00
6.717638506628078598e-01,1.255083316920043268e+00,9.483406656399205881e-01,1.325834605793844601e+00,1.514589450716766317e+00
1.122425284268645074e+00,1.367220476315924138e+00,1.066421340220759628e+00,8.512925243672100351e-01,1.149056241248199495e+00
1.326768991419917887e+00,1.248250551043214251e+00,9.908083301010569555e-01,8.282335104224252120e-01,1.188079728055104312e+00
1.204811726812071715e+00,8.917066792066666858e-01,8.335115007630951034e-01,6.128236675631886232e-01,1.264145155966148737e+00
7.305786939009244474e-01,1.031609576793393046e+00,6.441712575963508547e-01,3.268820485750184024e-01,6.538648609005545120e-01
1.072663421504885806e+00,1.143359492240038522e+00,1.250766501063465874e+00,8.141920745425609285e-01,1.175438668139386467e+00
1.076090713301385504e+00,1.013861622528618556e+00,8.500150776786452589e-01,1.307559975545383724e+00,9.691730604699045903e-01
1.216782229815453142e+00,9.238503847110560718e-01,1.300242398979678748e+00,7.631854586812499841e-01,1.280847569470377367e+00
1.146243511121234127e+00,9.420455209722347067e-01,1.221242636249522562e+00,5.830126563758573077e-01,1.263936456045521295e+00
7.145943338191423910e-01,1.136227051103789965e+00,1.477114016810756603e+00,7.913491884798268261e-01,1.262052246492677110e+00
1.254933357892590085e+00,1.296220697175504810e+00,7.753022358715985218e-01,1.015851512677134583e+00,4.537173223037947456e-01
8.737226443671970433e-01,7.546357754423936859e-01,1.370976565361608612e+00,1.182240352378038484e+00,8.410935151388749809e-01
7.503840740188906233e-01,6.003590468432580263e-01,1.147872490208892149e+00,1.233558964269987346e+00,1.259504667885484652e+00
8.394216057646467499e-01,8.937719364656683263e-01,1.144800345011811382e+00,1.080388824263392777e+00,1.308622970214524450e+00
6.123712293463561274e-01,1.340859438308447560e+00,9.269300916542639879e-01,6.366001876900430068e-01,8.482071630035408205e-01
1.379036798960738386e+00,1.096920554733973985e+00,9.711191142878443650e-01,7.354320846719645255e-01,9.771434265875376113e-01
1.055461565940194246e+00,1.086186804712547582e+00,1.458806645780071687e+00,1.397013164483405179e+00,9.941054666070262558e-01
9.109505123260323023e-01,1.121715712537838305e+00,1.152920057559491562e+00,1.229776639159229079e+00,1.101413298696056975e+00
6.462177687016430472e-01,1.903333305887346949e-01,1.001655990740901947e+00,1.144108875253340152e+00,4.220279931344541602e-01
8.540731150628749768e-01,1.666294001256970692e+00,9.288279620633794753e-01,1.532289001552614938e+00,1.244350578271085306e+00
1.299623348479943763e+00,1.483321612116045740e+00,6.670417426190233812e-01,7.275722253659390182e-01,1.324093653147322858e+00
1.218738209714258280e+00,1.231673837990225007e+00,1.181341315624853117e+00,9.640425173592231944e-01,9.391689697039358187e-01
1.155314561105767357e+00,7.119108660001577382e-01,8.742036817590077558e-01,7.887062354190902402e-01,1.311431185511341413e+00
8.383455462397481073e-01,8.393084394652498004e-01,1.306432623703953189e+00,9.595660829325860508e-01,1.237094336764929636e+00
7.509934906713449099e-01,8.052803826483997396e-01,8.595233175464904729e-01,1.130255915067682526e+00,1.264122055826562452e+00
7.317511222129731152e-01,4.060337043618750807e-01,1.114166314907017341e+00,1.060312457478332693e+00,1.261685047883882804e+00
1.127575249830669257e+00,9.554457393667324938e-01,1.248151160502439128e+00,9.625061615023512429e-01,1.373481366364183609e+00
1.159830726334560413e+00,1.427650518489298692e+00,9.326058862974266894e-01,1.494440378623580257e+00,1.087466212491172701e+00
7.266239115257878689e-01,9.861085261832892579e-01,9.200164293258323855e-01,1.130029600540024770e+00,1.044075397418251283e+00
1.378094174569432617e+00,1.234395756265367128e+00,7.162096972291333019e-01,1.350062377991564810e+00,1.409939833411096188e+00
7.416599606224326680e-01,8.644844718708691866e-01,1.073457598498339438e+00,1.505827355178460003e+00,1.124064657126375932e+00
1.143301565934723651e+00,1.253757555006628666e+00,1.311012561661363929e+00,1.197542185278368976e+00,1.014029092990513803e+00
1.150107181492077357e+00,8.599552460183175207e-01,1.171846331568078048e+00,1.003515153012158656e+00,1.018486393551725211e+00
9.258657498678578568e-01,1.470745770732588165e+00,1.108760882049954377e+00,1.465052926678598100e+00,1.259060976780454588e+00
1.394616220166315257e+00,1.418258953435389991e+00,1.302787638296196260e+00,1.386893104547901379e+00,1.230584665849398407e+00
9.197124918202947974e-01,1.502345868609218371e+00,9.300556857815940326e-01,8.007432984072997417e-01,9.920784836061123935e-01
1.588868643852275442e+00,1.242478970841930153e+00,9.466517529198757996e-01,1.454214275012190472e+00,1.394582430459983202e+00
8.566166983223731934e-01,9.311436777628971928e-01,1.064550772552281366e+00,1.406091816736436462e+00,9.253989749943580811e-01
8.773375091953652394e-01,6.920669419700219427e-01,1.054551830080710628e+00,8.040342240466008539e-01,1.200022428578747080e+00
1.170680795390057316e+00,8.385563530852790937e-01,1.280109312812435007e+00,1.399666093148775659e+00,9.476134138624795478e-01
1.098807655598118771e+00,1.395898582099144081e+00,1.351551406221539242e+00,8.388224220947324561e-01,8.702129682864443438e-01
1.145218613337728231e+00,1.524087432158258260e+00,1.144054691552463865e+00,1.211011871174324739e+00,1.003322157102919832e+00
1.111209174504377728e+00,9.799192902857410958e-01,1.088739057302665847e+00,1.045382670835400152e+00,1.141087864545151431e+00
8.416187179280923969e-01,1.406711002759490681e+00,1.221359385115048601e+00,9.733041531501998023e-01,1.362985384266103273e+00
1.071880861051015321e+00,8.142140591134072736e-01,1.508755931873156042e+00,1.135632099766129999e+00,1.329533437225179027e+00
1.119287986607576446e+00,1.148629980199233902e+00,8.003232392985479837e-01,6.445283593024930813e-01,1.095113198474008342e+00
8.753820233773224047e-01,1.008684891050479537e+00,1.117341022506298964e+00,1.070590369535736164e+00,7.924358248161231799e-01
9.779386405092379553e-01,1.061431517367204425e+00,1.340288049344390942e+00,1.099695037177222945e+00,1.087069818927399512e+00
8.889197692314965149e-01,1.773596330287608547e+00,9.746569125554189750e-01,8.077957947484494250e-01,1.077747948164321956e+00
1.162960648630144256e+00,1.217996730713682974e+00,1.744189370632877933e+00,8.147626177563016547e-01,1.075602274116051582e+00
7.169979634213360375e-01,1.093060580927855741e+00,1.113877215221976025e+00,1.218123866082457596e+00,1.209527451262803366e+00
1.245858627443643618e+00,1.081565609191501132e+00,1.112771108465339776e+00,1.544825582959116650e+00,1.318724535909510776e+00
1.129554016457077426e+00,1.188183951568863250e+00,8.848791131936916132e-01,1.389809638673524361e+00,8.997709075912397880e-01
1.200599666330806503e+00,1.263934474528558116e+00,1.208146586695001412e+00,1.375354578080708601e+00,1.321442376810043839e+00
9.706168895523707985e-01,9.152106910908968107e-01,9.708232057830741280e-01,8.538110332323585183e-01,1.387784269007797500e+00
1.437185638443699398e+00,1.274816900498993100e+00,1.360587431849287432e+00,8.823639708944384097e-01,6.703390309308678852e-01
1.023130718217289736e+00,1.013415408317070998e+00,1.078718180148645844e+00,1.642050450128139882e+00,1.036522328368920220e+00
1.022892122500406620e+00,1.343239153946424791e+00,1.382412585029763052e+00,1.333881062327220368e+00,5.936097492822992594e-01
8.033243357726718159e-01,1.039021370070287276e+00,1.416255574151414010e+00,1.018012666457523530e+00,7.734554260940923465e-01
1.191310529062176604e+00,8.708583394200123395e-01,8.032728231697714438e-01,1.077462069039325732e+00,7.669579107703459186e-01
1.154421666803260305e+00,1.264789969267092973e+00,9.843443882626055075e-01,7.225805729811997091e-01,1.210647843770062959e+00
1.444560019579903987e+00,6.582368735912618174e-01,6.461308120577491376e-01,1.165201289215339830e+00,1.389642420475407869e+00
1.010278911664703960e+00,1.308229138725527596e+00,9.246064720691653527e-01,1.459554921238930270e+00,7.273084728539175314e-01
1.202457950675267728e+00,7.479042804363089658e-01,1.096510316433470633e+00,1.170481302543485036e+00,1.063839755870301218e+00
1.112115377523056337e+00,1.200700038712912310e+00,1.219043247218902337e+00,9.243025819574530733e-01,6.766388109569557718e-01
1.264464651486126412e+00,1.225847227056831468e+00,1.131952756608765487e+00,1.155845243105017017e+00,1.135448935139372173e+00
1.553001672550983647e+00,1.144787715481210721e+00,1.508011912599683590e+00,1.002034304748578908e+00,1.123369794062214488e+00
9.838404719437344736e-01,1.065009959300015296e+00,1.364624618742561912e+00,1.184772476558126675e+00,1.165976018680850101e+00
9.108844400349113135e-01,1.020631801288373275e+00,6.951672976015494942e-01,1.448670187726041947e+00,1.478059929074547751e+00
1.664696141031811960e+00,8.578590167875541628e-01,8.382347808211163542e-01,1.278203551871709198e+00,1.262942324724104060e+00
9.535586740860434452e-01,9.585774549520454935e-01,1.335114608587189888e+00,9.793735729974349935e-01,1.067550678976787237e+00
7.891911343743223117e-01,1.599430746202530118e+00,1.363146439106575958e+00,7.800782750485887318e-01,1.059560366403853315e+00
8.970306150625748653e-01,1.079999279418344837e+00,6.725880600189246827e-01,9.419392404841814281e-01,9.797183452512165935e-01
1.227038405906131446e+00,6.280785304697699134e-01,6.372895082824132640e-01,1.104341744595814800e+00,1.256925748407956567e+00
8.080123943982602253e-01,1.365646941624727884e+00,1.572738927416663879e+00,1.182271592635939950e+00,8.255405589959932122e-01
1.354553446308224718e+00,1.335270035046008719e+00,1.015908658492272743e+00,1.385537041780188883e+00,1.305797137569713717e+00
7.788374610063434345e-01,1.205888841067924488e+00,1.257666906243370519e+00,1.216561951148823040e+00,1.217288211361096550e+00
1.301501421447825102e+00,8.825257123778349477e-01,1.062635951745396490e+00,7.089952395567679089e-01,1.305052610966416449e+00
1.108004528300598146e+00,1.043860075320371950e+00,1.127243918467483841e+00,1.618670560158832927e+00,1.098812287802507504e+00
8.596750342041512560e-01,9.725837902274754310e-01,5.763878940126681005e-01,9.951542136255770998e-01,8.413313139263610685e-01
1.171010981642226056e+00,1.099973313479697845e+00,8.947058212926607412e-01,9.721518609309033332e-01,1.474536804941599222e+00
1.333937729022550256e+00,7.445728135865075092e-01,1.553291946319784733e+00,8.508251012931906665e-01,9.269540793318730154e-01
8.760966682874088418e-01,9.097024224658923908e-01,8.662319869792054483e-01,1.054588638207527795e+00,9.412966582263150306e-01
5.189440616900953263e-01,1.207044288575906732e+00,9.663879357782083623e-01,7.113090585116845777e-01,1.332389564615172439e+00
7.043671057170936001e-01,1.267409092436876827e+00,9.770155591622118330e-01,1.143039483683392143e+00,9.730861227280586112e-01
1.062702223073313412e+00,8.492243022043322043e-01,1.378719488016304506e+00,1.468122670365881621e+00,1.262976090587630607e+00
1.341926879408199769e+00,1.135040184315852185e+00,1.083863376639384368e+00,1.195820646162178091e+00,1.258506843455220459e+00
7.979764267951472423e-01,1.176066699366132173e+00,1.023532174446339704e+00,1.197645916471078209e+00,7.804914120028769720e-01
1.263262933740330496e+00,9.779197286838215986e-01,1.025356195321258435e+00,5.346310603185007171e-01,9.867953766205738164e-01
1.507443919777236463e+00,1.156006016302517203e+00,1.460103054210534435e+00,1.168697931949938207e+00,9.358305924545452514e-01
1.347600118232297417e+00,9.297385548147563128e-01,1.279245745116905697e+00,7.351200576327250324e-01,1.296418695236118523e+00
9.917338969541936722e-01,1.061306116543784261e+00,1.196924150653722041e+00,1.155354909076016678e+00,1.195883707594169953e+00
1.525641687208785235e+00,1.202924431670814531e+00,1.077950844892457294e+00,1.209183736642247098e+00,8.864931181183318687e-01
7.261750360713442598e-01,1.211150584901892424e+00,8.388021472069807638e-01,1.314711522430756618e+00,1.188985563998374628e+00
1.405664925909257068e+00,1.102358176129832001e+00,1.251594376664072028e+00,1.167162899876228233e+00,7.905284909607719346e-01
8.906821048709478994e-01,7.646060486608512452e-01,8.616596153260109858e-01,9.683617195632849839e-01,8.837040093285308817e-01
6.998335483963641357e-01,6.483385760788414887e-01,1.297855433927792568e+00,1.088681439033210463e+00,1.191667946804969791e+00
1.102736754679879194e+00,1.152245892582485887e+00,1.153570389233150362e+00,1.032203349474633436e+00,1.004078845382014862e+00
7.502546467245748696e-01,1.223971594658403106e+00,9.840728311728531574e-01,9.268895686609034401e-01,9.244423629557001476e-01
1.369304978595712985e+00,1.326984041097662770e+00,1.127939730588455758e+00,8.306893998738503759e-01,1.314979698910981210e+00
8.867555549323732356e-01,9.829825835734969930e-01,1.259702004116094232e+00,1.160164963300066576e+00,1.218872813443427017e+00
1.253428413645319095e+00,1.170768696162190370e+00,1.255840700042691660e+00,1.332614435299454003e+00,8.577450492205931365e-01
7.123461584928011403e-01,1.142497347720489387e+00,1.031723836400897598e+00,1.065956554743408891e+00,9.357043093895007768e-01
7.827979641337042827e-01,8.517216865730979913e-01,9.364733985804061245e-01,1.309097700372811923e+00,1.660641931801085658e+00
1.293525345369003210e+00,1.271181259817742326e+00,9.992716726040070663e-01,1.262326282573780434e+00,1.164819686112637420e+00
1.242717475361558632e+00,1.725836829104834713e+00,1.298952193490815477e+00,1.268059013239770660e+00,9.629412141000948111e-01
1.366899826105100635e+00,7.326666919889841534e-01,8.822441173042154805e-01,1.414090354891087697e+00,1.112932239664447875e+00
1.363025767948939038e+00,1.078431168438312771e+00,1.206789859716829394e+00,7.513612581137664170e-01,8.918948956607225531e-01
1.451446340655291767e+00,1.501709298754966948e+00,8.087803543854538146e-01,1.236077972947412507e+00,1.359355976679213818e+00
1.279872947563758245e+00,8.904596178699896170e-01,1.547115020917786632e+00,1.056802882527080323e+00,9.193206442430309489e-01
8.089943102383723161e-01,5.401735917020451527e-01,8.633123295091555960e-01,1.035298932207123768e+00,4.318722084109861692e-01
1.031868659099805630e+00,1.615615264842752641e+00,1.348677127340321524e+00,1.129096060196109086e+00,1.203503676500290442e+00
1.004629997342311842e+00,1.260778960094975032e+00,1.069600558427519221e+00,1.202135000010715382e+00,7.072410628603330585e-01
1.247271415333695677e+00,1.453384347955009037e+00,7.207966873874309677e-01,6.845363004505263804e-01,1.225965794885280236e+00
1.186988384582771339e+00,1.293377948493737550e+00,1.182895654328502522e+00,1.203020907511316295e+00,1.174817626094299960e+00
1.369230995493644798e+00,9.466248919243569482e-01,1.583400903625840517e+00,1.097721218784185604e+00,1.037608403427562109e+00
1.309401225990864059e+00,8.940833713772159408e-01,9.604204951057880857e-01,1.609745141128170243e+00,1.373579917897730152e+00
9.933017248402696842e-01,1.234553440139934510e+00,9.739934454740931669e-01,8.321019410737137134e-01,1.813646119388899081e+00
1.133737338284414475e+00,1.065857121320976875e+00,1.507204420098915643e+00,1.325019191173149036e+00,1.160962139168430607e+00
9.195436897691645628e-01,1.014095244569088283e+00,1.233758152640291206e+00,1.353326028259785874e+00,1.220169216764557030e+00
7.639446779353195049e-01,2.305593226562615838e-01,8.953229777449651650e-01,1.142180497082639690e+00,8.236892152335355544e-01
1.216906951359050471e+00,8.691758804343433509e-01,1.622885403260564630e+00,1.253875223213281265e+00,1.241739789352763301e+00
1.046124201973233081e+00,7.629334315807112521e-01,7.358202801963783513e-01,1.003377367669328724e+00,1.003243826686164075e+00
7.941520944398257065e-01,8.902384020058928815e-01,1.385970166408795778e+00,1.528808725011832070e+00,9.409391836161986600e-01
4.035390954812672626e-01,1.053657003420031435e+00,1.112164223903937543e+00,1.094695237933525078e+00,8.123107236056767988e-01
6.102061476367224291e-01,1.070693010794042221e+00,1.422441260917297168e+00,1.156648982291960781e+00,1.199332408956266027e+00
1.536172425701693767e+00,8.415492693426007698e-01,1.097976551653677246e+00,1.244582344948585106e+00,8.521430111764960458e-01
1.181593678429327943e+00,1.363419712107109660e+00,5.621928308500979687e-01,5.071563234598062131e-01,1.006237370437988776e+00
9.809054640771880385e-01,1.030671941293952454e+00,1.246544485716304829e+00,1.134556845389134594e+00,1.204751060237330584e+00
9.620862191960345422e-01,1.263424639832136931e+00,8.212863884607918274e-01,1.301342988343837215e+00,9.110377947188431635e-01
8.748659762571397991e-01,1.226930400239745422e+00,1.074621117058527364e+00,1.050173605745549521e+00,1.009524798507064780e+00
1.414276773526802478e+00,6.689038733461155628e-01,8.103351933793099260e-01,1.299186072488646815e+00,1.178426755458048980e+00
6.055128536267360140e-01,1.490991947402585893e+00,1.641366032076178039e+00,1.037277621782285664e+00,1.266457972061960202e+00
1.160864276390448202e+00,6.007203985722927575e-01,1.228070421685247826e+00,1.015084408553345696e+00,9.899029144213652431e-01
1.255649836283245113e+00,1.385147423676473810e+00,6.911453966082004019e-01,8.388181385972288684e-01,1.268407880054032599e+00
9.636479772327637416e-01,8.483253719107921587e-01,1.205777460290303083e+00,1.005467067302921347e+00,9.909758837467459447e-01
5.596004982420339502e-01,6.707508688499534966e-01,9.103711240527231352e-01,1.318152616954654466e+00,1.382997939942969712e+00
1.185958704371036232e+00,1.346711039907764862e+00,9.171691162952952947e-01,7.076005604504712609e-01,8.623555474842180546e-01
1.282282187758993164e+00,9.280944476257887432e-01,1.568973695501060250e+00,1.007436834273209625e+00,1.235800566701083847e+00
1.018746591630766751e+00,1.182091847780713190e+00,9.965236053565060814e-01,1.096522636116448624e+00,1.102569203489585759e+00
1.025492546200592159e+00,1.325539732514651403e+00,1.224646918201550028e+00,1.330720006933868715e+00,1.216561455917023027e+00
1.610935539046096876e+00,1.451774615668334434e+00,1.328786764057215963e+00,1.286214501653704545e+00,1.134029419553898910e+00
9.355594200730952270e-01,1.437926073519248060e+00,1.320032553383069684e+00,8.157382058713213979e-01,8.450336821523196651e-01
8.669077292095936915e-01,1.419252848181155047e+00,1.060186213566993274e+00,8.059244592940634222e-01,1.135087369346511776e+00
1.129719233564570935e+00,1.187537510979193245e+00,8.368734848169200324e-01,9.594542806755954611e-01,1.126357547086750177e+00
1.477534048309402159e+00,1.446863313422364739e+00,1.014625292681931912e+00,1.061811145984139504e+00,1.061756355380539585e+00
4.966275166507728156e-01,1.195322627382251701e+00,6.109956483684607642e-01,1.183934914134521454e+00,9.745405386742255205e-01
1.157569876226599570e+00,1.113617154552049682e+00,1.217892916801174286e+00,1.391696465026449614e+00,1.035066817495364333e+00
1.170877570268146872e+00,9.369362571047764598e-01,3.381684332978275309e-01,1.124417838556398319e+00,1.285471812583140139e+00
1.021185614389381602e+00,1.241352168587489979e+00,9.634797446808935906e-01,1.513644298719429626e+00,1.333083320099711866e+00
1.107637498598545989e+00,8.704058748613732188e-01,1.175434520862152610e+00,1.456496098226709446e+00,8.727040969262924719e-01
9.168419232589183343e-01,1.319354121638550259e+00,1.059462646117358631e+00,1.227180462439844355e+00,1.118497011242990835e+00
9.445980591160513251e-01,5.596870688743913469e-01,1.086925738361774973e+00,1.078948537047739409e+00,5.022975019829006849e-01
1.039150291051943675e+00,9.810069327898159885e-01,9.636025646228919550e-01,1.072659244154282598e+00,1.035356599672498490e+00
8.254950176002397999e-01,1.254498732264311966e+00,8.421938086909728227e-01,1.167706567905085091e+00,1.092842930877678143e+00
1.419988704392576739e+00,8.449004259612772350e-01,1.286126511653801652e+00,1.428423179854857894e+00,1.055972801347531353e+00
1.616748762274251572e+00,1.142703239167205620e+00,7.723636163627576323e-01,1.309383319166490534e+00,1.086974813565583231e+00
8.216472677410197045e-01,1.176488606793421043e+00,9.288010347306702164e-01,1.225091358186866319e+00,1.080036688090399100e+00
9.656699034806235371e-01,4.490621384467853860e-01,8.374182493851317632e-01,6.470087889054690899e-01,1.070179685341295706e+00
8.886140645653580750e-01,5.860624200996089606e-01,9.677994308018619263e-01,7.043877983431169332e-01,1.352488752407480233e+00
9.088410130389467101e-01,1.490795001146627774e+00,7.939503428175063160e-01,1.135604075007003555e+00,1.043436465720279926e+00
8.513998102330384565e-01,8.262574877796067252e-01,1.631539836372981611e+00,8.221459156707319194e-01,1.503674669847201661e+00
1.133192515382653864e+00,9.707774410694651746e-01,5.889830565405370644e-01,8.677395412212745018e-01,6.532413773426142267e-01
9.650691450876645039e-01,9.157457121432862612e-01,5.696156055604360002e-01,8.774577393136312464e-01,5.396281078245986906e-01
9.597822616066192802e-01,9.085749915282210765e-01,1.230280471979351864e+00,8.906330048401740473e-01,1.077618406325868472e+00
1.585229239538425539e+00,9.737582093083256840e-01,1.018560334525880240e+00,1.383154539375074155e+00,6.877584562058766116e-01
6.883211790204570857e-01,1.174202780338277297e+00,9.538987550256554648e-01,9.774137486807398245e-01,1.163606356963118760e+00
7.787954050947567541e-01,1.250099539743467547e+00,1.150591792301028038e+00,9.360310942357968900e-01,1.537335398757603055e+00
1.285162465458834502e+00,1.217749205537977941e+00,9.608328140018952412e-01,7.643909591747083399e-01,1.463690055160161929e+00
1.203044376144115413e+00,1.423504798883978406e+00,1.260100401391947678e+00,1.029970575046838199e+00,1.085344726361969103e+00
1.001707449273467221e+00,1.199040638773497536e+00,1.335832451213866401e+00,1.151734472514806429e+00,1.326816702356055311e+00
1.007816840530286306e+00,1.078664233404093897e+00,8.032650621241035349e-01,1.073881425391911781e+00,1.274545242713861271e+00
9.243539125465017881e-01,7.952842263815323998e-01,9.965344363007461181e-01,9.983403303307681886e-01,8.389606794090347375e-01
4.729848746791910918e-01,6.116052351422560651e-01,7.832703836201487801e-01,1.087314532253114585e+00,4.962774480277866718e-01
8.019431386836631814e-01,8.624052952450791398e-01,1.445920822517520188e+00,1.185120041205647512e+00,1.165765992111156946e+00
9.932369645991215856e-01,1.001707544160266306e+00,1.341538830178805597e+00,1.098448449452641418e+00,1.066522682016223689e+00
1.074272122547177633e+00,7.846040443530862829e-01,2.715818860592500994e-01,7.758410334144996146e-01,4.473379461507875354e-01
1.088507525996857517e+00,1.188986592990062929e+00,1.061070888141381729e+00,9.565003417146672460e-01,1.414062463423581439e+00
1.031235736862889274e+00,1.041968553551481325e+00,1.103991155433649674e+00,1.224066408654697291e+00,9.685682927173251411e-01
9.866750504360156659e-01,1.236967018246991845e+00,1.098358728523818550e+00,6.865743876106776833e-01,7.922714614959032176e-01
1.061057639299984867e+00,8.166250399162654494e-01,1.234184125533597465e+00,8.637775612181126661e-01,7.366942088106158693e-01
8.602689163678787221e-01,1.157644980599609186e+00,1.090170015523806546e+00,6.732428170162758629e-01,9.551514936145126811e-01
9.165191744397874762e-01,1.130205414200680769e+00,1.272776701829691604e+00,9.335701074930561338e-01,1.079871046765789044e+00
1.069373592046742427e+00,1.150515059968281850e+00,1.134689293043080527e+00,1.277396569642041735e+00,1.257278935790614005e+00
9.220648205870098923e-01,1.253999401537056357e+00,1.574773055799417953e+00,9.655698312520846205e-01,1.301548330135899878e+00
1.018725739686436871e+00,1.080952731520061327e+00,6.530241022282744501e-01,1.034741356336462248e+00,1.095943710193039378e+00
8.988758519201177632e-01,1.409301643621484024e+00,6.758600487004891022e-01,1.344771118811485033e+00,1.269202881989601739e+00
1.269295018876591907e+00,1.056603471438414044e+00,7.287725598489337431e-01,9.822206627648705224e-01,8.350318516885160136e-01
1.263520317712300889e+00,8.854854709170811855e-01,6.930394796458954065e-01,6.478507164254776463e-01,1.302810976196978832e+00
8.836149296133642972e-01,5.481811413384556353e-01,7.751667104042770928e-01,1.393545206780093526e+00,1.023590484554221858e+00
1.108246817601338696e+00,9.930406440769240506e-01,1.274294809069423939e+00,1.036707102946950787e+00,1.125005984586328278e+00
1.205116881239074456e+00,9.006247789611434573e-01,1.085669837664214654e+00,1.475482640786909494e+00,1.131149012159517797e+00
1.306813645878284191e+00,1.193025160516369532e+00,9.224062607940218816e-01,1.507625979980982578e+00,1.144013388980285040e+00
8.673468565622938220e-01,1.283768972887770810e+00,7.243441991093594323e-01,9.311113104955918152e-01,8.664555264291764480e-01
1.032101523511181673e+00,9.277135663460788217e-01,6.956772156852867317e-01,7.052962781775425904e-01,3.362150850713890304e-01
1.004429439342720443e+00,1.227033740432825759e+00,1.090270671382155721e+00,1.049728145746015917e+00,1.071011383268124950e+00
1.211168035249677200e+00,1.369963796659443123e+00,1.086987141702012494e+00,8.549652937928166052e-01,9.188910172416813182e-01
1.098275228912249046e+00,1.019093094149381651e+00,1.121958732245829982e+00,9.411766941451277235e-01,1.135740744476176900e+00
9.404443593901495868e-01,5.316873581522005843e-01,1.048191709593568444e+00,7.764968342670195423e-01,6.616289628328874128e-01
7.503708222240734749e-01,9.918591397869328530e-01,1.267080759567919435e+00,1.073696324360907006e+00,8.631316462151407132e-01
1.200923999508346052e+00,1.266503318096842357e+00,5.494940193789238370e-01,1.016534342567036342e+00,1.268520129988424339e+00
1.164814769710205367e+00,1.016001747180178549e+00,7.837652168687876397e-01,1.727023434795887269e+00,1.398032222773765820e+00
1.160993440174770353e+00,1.454739514611318896e+00,1.213123643885750669e+00,1.458762645634922528e+00,1.321032412501437658e+00
1.031654760860138964e+00,8.146534463231913659e-01,4.029913823485947177e-01,9.273075712398695103e-01,1.148227125473694876e+00
1.197237430770811573e+00,1.179992756270441312e+00,1.179931316341208403e+00,1.184014745862641105e+00,1.239177462286893627e+00
1.484491189338416062e+00,1.346055402032151793e+00,7.840039710362065595e-01,1.095528022433989834e+00,1.275096080311733715e+00
1.257019392041487382e+00,1.129535751750157191e+00,1.030992937972887935e+00,1.327724112404073509e+00,1.248171933104647913e+00
8.471281598222846210e-01,1.126082616576469020e+00,1.034254323587932678e+00,7.411873697328756894e-01,1.242215699387466898e+00
1.329173905812699230e+00,7.769113528877507058e-01,1.220240046748703788e+00,1.352369432409264549e+00,1.008145312724517240e+00
1.255542648881368128e+00,1.083311128422131953e+00,1.102263660120999633e+00,6.500869849138922740e-01,1.413154916686651053e+00
1.641852877810243916e+00,1.395358406205552626e+00,7.519329066372122394e-01,1.328271351137257472e+00,8.588896638958481988e-01
1.277938994493210467e+00,7.141409784299065366e-01,8.765258335585177640e-01,1.427153800612193768e+00,1.086014471394747938e+00
1.432380420558876821e+00,9.982861125377521239e-01,7.453308258092209426e-01,1.197037445729489002e+00,9.924944960591328691e-01
1.192972528000396215e+00,1.113330791518021723e+00,1.326179689313212284e+00,1.411027288289804948e+00,1.385478514147950868e+00
1.204018733816218045e+00,9.172784094301811297e-01,1.271375776265373903e+00,8.861990990014256830e-01,1.161528594888915356e+00
6.895761068111034842e-01,1.231977891617945797e+00,1.026945604773554566e+00,6.252330756368279507e-01,1.348450880416250053e+00
1.212496678060436706e+00,1.387163494914171791e+00,1.089787848949381521e+00,9.290804015844827957e-01,1.038366228978754080e+00
9.646064685323950672e-01,1.529943913648821541e+00,1.167056192295580663e+00,1.026223659712107938e+00,1.136557747993412582e+00
1.375823400026250587e+00,1.161275407318801856e+00,5.196942773932482496e-01,1.183906567684501310e+00,1.352208692497621323e+00
1.401857443590546426e+00,9.704795308893922057e-01,1.055503145852874969e+00,9.061400495826725798e-01,1.273039756789190680e+00
1.405225463854772761e+00,1.220089601175466276e+00,5.619044376489022996e-01,1.315306910963772946e+00,1.135645485579429792e+00
1.010680879150803291e+00,9.967080206071370352e-01,1.423916250978120468e+00,1.419661970715807131e+00,1.087601783428428170e+00
1.265397298155312988e+00,1.242381046099034991e+00,1.319805854104470599e+00,1.100979659865073179e+00,9.840033726646334467e-01
1.383499702071299131e+00,9.938146463665498143e-01,9.676475382061571207e-01,1.018655749478786676e+00,8.881839200085873687e-01
8.638380540711206867e-01,8.301185377054081105e-01,1.156577931621020294e+00,9.944253691620622559e-01,1.308596601795908532e+00
1.382338208869620999e+00,1.171198574503126588e+00,7.249751921711787839e-01,9.370814953409715153e-01,1.088345933380284736e+00
8.754689685057881476e-01,9.694428507248349369e-01,1.050993660356200898e+00,1.084867765166415809e+00,8.701060996033732620e-01
8.521466229957893601e-01,8.989775777651638489e-01,1.314989722960237639e+00,1.428748412246848787e+00,1.567135131343389665e+00
8.109298248595535608e-01,5.646780633078560818e-01,1.152162113174413305e+00,8.297410436675108913e-01,1.342724795069595300e+00
1.470615731540311444e+00,9.626143619972826748e-01,1.093593946509982873e+00,9.751742644674779026e-01,1.107351973597096695e+00
9.598721540063246405e-01,9.288813179423316413e-01,4.146375643967429858e-01,1.092564378768354771e+00,8.346558939459409743e-01
7.585007551977996920e-01,1.609737457424601947e+00,9.866558927373049181e-01,1.060306177472045475e+00,8.316379260593275147e-01
8.231244691393518886e-01,9.929403285528916046e-01,1.229052510526797759e+00,1.439042520594062013e+00,1.610999542103446203e+00
1.080103230178148799e+00,8.239622974943846545e-01,1.035766716928126163e+00,9.278131358613285196e-01,8.160475696350762975e-01
1.230380644065627083e+00,5.495828781986851208e-01,8.144405259719357248e-01,1.426415891324184226e+00,1.055965549732244657e+00
1.169261059620705812e+00,9.558810614176882492e-01,1.110981759715335526e+00,1.141859089765028257e+00,6.571475933006852843e-01
8.438151554337385285e-01,1.451945441266568881e+00,1.468130160258409811e+00,1.384650267224212694e+00,1.451853210984794584e+00
1.135621414497277604e+00,6.835552240834872340e-01,9.904699583762456294e-01,9.943565320450349354e-01,1.236127847146634817e+00
1.085125962320056869e+00,1.354969503516816109e+00,1.230549645829381866e+00,6.775654695426409635e-01,7.901248948529818739e-01
7.806469655347344494e-01,1.475951053181379979e+00,1.083083380104712168e+00,7.451202977915737380e-01,1.127172847429073199e+00
1.071049778322307633e+00,1.410918858524447428e+00,1.104061532595868922e+00,1.198625217664464282e+00,1.073279049604890956e+00
1.159543621710572348e+00,1.272005126128104457e+00,1.428654487531396455e+00,1.135062881074036412e+00,9.715473673927846887e-01
1.305465007892814278e+00,1.280493469683254171e+00,1.134213580556945988e+00,1.390635102369019993e+00,1.238368764831313529e+00
1.148487683939358517e+00,8.115051063239024920e-01,8.332997595794326973e-01,1.472681995883521555e+00,1.229709404890890978e+00
7.059016600047912648e-01,8.187454288411005754e-01,1.067420451754552468e+00,1.073647330732258709e+00,1.221225136334108230e+00
1.142699659495421294e+00,1.115903332551448468e+00,1.262977662298617521e+00,1.256552321303381570e+00,1.348430394803792565e+00
9.616000500338615087e-01,1.362960542652535301e+00,1.234646193971126626e+00,1.155693901621444031e+00,8.645246562163939608e-01
1.514692111022756693e+00,1.313573940681763919e+00,1.145704970168163195e+00,1.233346550026088506e+00,8.091049521830405711e-01
1.272747623217878488e+00,1.254490690865089242e+00,1.390018941002608255e+00,8.562296951366303865e-01,9.152822422103360500e-01
1.149486931555453229e+00,8.053194469143268863e-01,1.168102841479044862e+00,9.628482106729852052e-01,9.583900800107756357e-01
6.870555018365941402e-01,8.541385466103170732e-01,1.211392922573536701e+00,1.188786352124999501e+00,1.198375344315224522e+00
7.788679908844133859e-01,1.127440530715095424e+00,9.871085251209927858e-01,5.252273739122876872e-01,8.634063134924936378e-01
1.059452543878309783e+00,9.076272814933562527e-01,1.057183452862614281e+00,1.153716620793758363e+00,9.971673144368831121e-01
9.003405333119712806e-01,8.759726137983093741e-01,1.319679396284347828e+00,1.075764449143577384e+00,1.294506676273331935e+00
1.349842662496926193e+00,1.216857124202028517e+00,1.350024687370794618e+00,1.195622717156726189e+00,1.243561640525531198e+00
9.941686732125092352e-01,1.137336280417627910e+00,1.031726941899597350e+00,1.304282800660269137e+00,1.174334799029763454e+00
1.176934174472401118e+00,8.445185435070845514e-01,1.278655354458763771e+00,9.897210645556372421e-01,1.228622035005481505e+00
5.442148969501038325e-01,1.349367578722449501e+00,5.047524580525531990e-01,1.194431241256048937e+00,1.023225765968797329e+00
1.357299197513991418e+00,1.234534927576549146e+00,8.030215162717290189e-01,1.346087332283243843e+00,8.907158983513717709e-01
1.036931983390924739e+00,9.380773367608684632e-01,9.172066585223720425e-01,5.489913727879519589e-01,7.592398492264305077e-01
1.157162962091474512e+00,9.694722604158708679e-01,6.690822307618751186e-01,1.008819634558708600e+00,1.104499716393261943e+00
1.010680376008647130e+00,7.630330951353024860e-01,1.159294155259063652e+00,7.935442698092732838e-01,9.342731259141654476e-01
7.983673413542194952e-01,1.409653427595709330e+00,6.575237930759668670e-01,9.985190526690418400e-01,1.369435524216046085e+00
1.504633515649559605e+00,8.218029264799586731e-01,1.364698037429641797e+00,7.759663649164278976e-01,1.520313156492992368e+00
1.322126831173206840e+00,8.608843958662260043e-01,7.177630055447042912e-01,1.031325589381024921e+00,1.392229499006320204e+00
1.315528125498764300e+00,1.362796773382900950e+00,1.194703454342659343e+00,9.562174389743909320e-01,1.239206467994158123e+00
8.060915156919447044e-01,1.033081191490650363e+00,1.009402480204070640e+00,9.705040154238764316e-01,1.349785569282934805e+00
1.461431838176818987e+00,8.555879847457017462e-01,1.034948257332086508e+00,8.446252955539795826e-01,1.663022655869265343e+00
1.049991650560453404e+00,1.118438859661124107e+00,1.212344187194336786e+00,1.340340304928463011e+00,7.211766346651342641e-01
9.224417813568318580e-01,1.029550136899626267e+00,7.876560233311845627e-01,1.197408103150214398e+00,1.176944411322500494e+00
1.010175206854304397e+00,1.561734287150126521e+00,1.357390146738855607e+00,1.084839261821842760e+00,8.889156813206815499e-01
1.374779827793435993e+00,5.674569930917062743e-01,6.334410127684315661e-01,6.827123793549735309e-01,1.322158323115803169e+00
1.081271880796499163e+00,1.111144082677364420e+00,1.025713658281287799e+00,1.382532539842246999e+00,6.205706667365248341e-01
1.331044551291788780e+00,8.491921744784549642e-01,1.234494162961783825e+00,1.631331895159258139e+00,1.247555131353606850e+00
1.234297680124222474e+00,1.030244637569166066e+00,1.490240990046358460e+00,1.114702728031162771e+00,9.590949900736583933e-01
8.498032176276884009e-01,1.577939920122410689e+00,1.361940723169816403e+00,6.859485270636729304e-01,1.490336432496939922e+00
1.417392766752340050e+00,1.029717457381237100e+00,7.712310204854837536e-01,6.845485223868261748e-01,1.227088555353550658e+00
8.894780991092858802e-01,1.298399476149002973e+00,1.214252212298872147e+00,1.047245672127575800e+00,1.248312817419988674e+00
1.216155099569903753e+00,9.664532726619187164e-01,1.589391794230661903e+00,1.574632102400392641e+00,1.046763703789868716e+00
1.087041045629682845e+00,1.006364925540401467e+00,1.220119818110649623e+00,1.061083590023212730e+00,1.283060470224667293e+00
1.189029921709761073e+00,1.408702655296679929e+00,1.205433181182506308e+00,9.232903473273453843e-01,1.093694050552257879e+00
6.169949525397352419e-01,8.893909028235771341e-01,8.295249374271270737e-01,7.700077526298872987e-01,1.199648245823748738e+00
8.579743654629715666e-01,1.122472952262192125e+00,1.319902127435188532e+00,1.569724049887559092e+00,1.308909073703477866e+00
1.283237212074515465e+00,1.015864091323773755e+00,1.556269472274707910e+00,7.898869093928863050e-01,7.489972700748018797e-01
1.333491106101500234e+00,1.380589793809435140e+00,1.259980647755364336e+00,8.469817113796150876e-01,1.035091287442285735e+00
1.358554639897338046e+00,1.021418779420065759e+00,8.177893289831250634e-01,1.552281964783557289e+00,9.096374885790274867e-01
1.369858927485403832e+00,1.387295577401008728e+00,6.988455953851330227e-01,1.442932083725157799e+00,9.046088988057396918e-01
1.096247614770163192e+00,1.026715735270115282e+00,6.706850256723250192e-01,1.155181713096099738e+00,1.288135744001677407e+00
5.784737593430092639e-01,1.336638175555501684e+00,1.081199406026312371e+00,1.199774451745742931e+00,8.815311831346581695e-01
8.650951247718633441e-01,9.274492605753755781e-01,1.455572560773175983e+00,7.932974056573895982e-01,1.369829804003626972e+00
1.169773221791120754e+00,1.250052278652441506e+00,8.597370803791289928e-01,1.116116116600802899e+00,9.317172667631548055e-01
1.038337833886315176e+00,7.863839019289858845e-01,1.028180367862175704e+00,9.111720570997228208e-01,1.630781884495110523e+00
8.560282040750440968e-01,9.498104454865634594e-01,1.022988958713759056e+00,1.265496194930845419e+00,9.487641008433724821e-01
8.415830521474927384e-01,8.726753869974156474e-01,7.261560224779516348e-01,1.039681896012827345e+00,8.127344921146464340e-01
1.401612870962681168e+00,1.277185684136097565e+00,1.032017007341723636e+00,1.385355533619380575e+00,1.357746444754891035e+00
1.321830915291886344e+00,1.030942396682362316e+00,1.307368812044764184e+00,1.045764124273314888e+00,1.035070125383912076e+00
1.124156169973647312e+00,4.570909678995197511e-01,6.796544076199301232e-01,5.608042649119929779e-01,1.051727409545331504e+00
1.342065742106944182e+00,1.198519367456962081e+00,9.411536240721489754e-01,1.195459171627262673e+00,8.521186043945377930e-01
8.901741216753941144e-01,1.190525440877560293e+00,1.307558659798775613e+00,7.967843706961428296e-01,6.449107946049031925e-01
1.003599379434098715e+00,1.032561396480957905e+00,1.097177035448803073e+00,1.176152715491176393e+00,1.261535485175834470e+00
1.509023849054522470e+00,1.455939189123505839e+00,1.026659733599271096e+00,1.196066253650455380e+00,9.210930022510226411e-01
1.136132512994400212e+00,1.009150486439690741e+00,1.192407984281628641e+00,7.804071864228852018e-01,1.147726124077647514e+00
9.537898089459920792e-01,1.367637385810547057e+00,8.947398519671641015e-01,9.597202017103948490e-01,1.498083553306514215e+00
1.000007587140048448e+00,1.068700389297194686e+00,1.168276750278667064e+00,1.267594698714969326e+00,1.092982821410793060e+00
6.143486871484019618e-01,9.778672630044303871e-01,1.348115539443522248e+00,1.328696162967773375e+00,9.591042393920505837e-01
8.888914963594596319e-01,1.631070699703342175e+00,1.106800414672146182e+00,9.081764013440549732e-01,9.869643463934697492e-01
1.176806792327915741e+00,1.676263594342312979e+00,8.293048120329764572e-01,1.026065799439247694e+00,1.640883741472323187e+00
4.221492034868572496e-01,4.082872720556368074e-01,2.910191347917198135e-01,1.340026802307783260e-01,6.409651609918676218e-01
1.143371909447224999e+00,1.186475860773741120e+00,1.141389555642387865e+00,8.956902857978080723e-01,1.287691308358902331e+00
1.387830208698428658e+00,8.523816648844748656e-01,1.182684868150492896e+00,1.175813743405724532e+00,1.024687188397604976e+00
8.782646423976721017e-01,1.253794378655274988e+00,9.657934463055458663e-01,1.189081462089110586e+00,9.927374025911324118e-01
9.761035588720031742e-01,1.183465949102323833e+00,8.912985269448562287e-01,1.322394590294396099e+00,6.583481439748380959e-01
1.168494119500308681e+00,1.429758850829361938e+00,1.075791658883267443e+00,1.250401682810201587e+00,1.196458829100166987e+00
9.761304206928709259e-01,1.070444171024452329e+00,9.457103055286733007e-01,1.055276143247721565e+00,9.363375531915507644e-01
7.712804474851936432e-01,1.072558892516296991e+00,8.356201935711742301e-01,9.852033062130173269e-01,1.095212212904177473e+00
8.329610525682354938e-01,1.645675687493975081e+00,1.267682728252152558e+00,1.440374706790735093e+00,8.271573933460057981e-01
7.193081956410238842e-01,1.421223214871111029e+00,1.367710131909193105e+00,1.127045109154768854e+00,9.771610677030173608e-01
1.248752805147003375e+00,1.284727624251514655e+00,1.573338842530527248e+00,1.360629998512760341e+00,1.528205657886307689e+00
1.145278821027940319e+00,1.118252461189308322e+00,1.231180535042377233e+00,1.452528507812267389e+00,1.251377310431597945e+00
1.349717065707773500e+00,9.784944358208672588e-01,1.444198244703820633e+00,5.130814411261905850e-01,1.084368194061629653e+00
9.222050834399881936e-01,5.959957345741874191e-01,1.242847802796184453e+00,1.147699754871723599e+00,1.209260459104594121e+00
1.457750365157223893e+00,1.020843060189753571e+00,8.911730814492356822e-01,1.444423325947749248e+00,1.324334352753679500e+00
1.168751206936599507e+00,7.994537615724683910e-01,1.452720530410863908e+00,8.068015847993779133e-01,1.233902537273998901e+00
1.491122946026478546e+00,1.228142810377876870e+00,1.011292102603802867e+00,1.191858819193335695e+00,1.415559127684517859e+00
1.639371509957938011e+00,9.735605369208357729e-01,7.633267006613184691e-01,9.161209880239049586e-01,1.460065457277341716e+00
9.091332778023061278e-01,1.136264609086230504e+00,1.198343778265121840e+00,1.637565916380876230e+00,1.143006505256810357e+00
7.821052393161346261e-01,6.745785559226832317e-01,5.185026980853718603e-01,8.315544436127411121e-01,1.131643495633147811e+00
7.340941837039145490e-01,8.633904366495014360e-01,1.039774813414835908e+00,1.310590746494699532e+00,1.185688945541873762e+00
7.920001952305349979e-01,1.210039172615003267e+00,1.550760529967684764e+00,1.262261301604031161e+00,6.049473518979155973e-01
9.295166109561585621e-01,1.345064480314140054e+00,1.351588173419902228e+00,9.284964944886731075e-01,1.259687433836198966e+00
1.507316071286650017e+00,9.712721191883286753e-01,8.140760879040990217e-01,1.364542989558099384e+00,1.482847368756972539e+00
1.342844302190042249e+00,1.265958143747198728e+00,1.055446315374668931e+00,1.147357971647049224e+00,1.015563838929246954e+00
1.328865657416126611e+00,8.810591303023825871e-01,9.289561111922483017e-01,3.784910712382939524e-01,1.287798019123392645e+00
1.274453694427274852e+00,1.199105268257953494e+00,6.414354413790803733e-01,8.439054514674503293e-01,1.052915093105063926e+00
1.214394711935491422e+00,7.818535973516415050e-01,1.205175214510382453e+00,1.241526543810438810e+00,1.138590526265765179e+00
1.241827152052905836e+00,9.859837800134531038e-01,1.062380307379912514e+00,1.061042266709369075e+00,1.030950354364649657e+00
8.328706067351622222e-01,1.533588548699598597e+00,8.579635543968995304e-01,6.689293855442501879e-01,1.163725278615102665e+00
9.522624222458523358e-01,1.423101468382240054e+00,1.633587991680703455e+00,7.883149044262958149e-01,8.708765326587204481e-01
1.241168535787554150e+00,1.415065728154433877e+00,6.356100240141967506e-01,1.240148063671654866e+00,7.420727688737573935e-01
9.819865465283605932e-01,1.042040484991346716e+00,1.107744855440101706e+00,1.119238355888783953e+00,1.229535963870556081e+00
1.017471562215137126e+00,1.696754899356122559e+00,1.226190761377770055e+00,1.520281088082632737e+00,1.278121720103434056e+00
1.175028279722728497e+00,9.828704941475784329e-01,1.219296221218121756e+00,1.103731210722453060e+00,1.151645491152156975e+00
1.158690102165865099e+00,1.294049931604637216e+00,1.103668190180331576e+00,1.087430629139422678e+00,1.234696330799194053e+00
1.158884108569528948e+00,5.818119606228350227e-01,1.005234390534994304e+00,4.925740486155870679e-01,7.947278499889109948e-01
1.222115321946937616e+00,1.624476060033432034e+00,8.583765217232617317e-01,7.176392169833374357e-01,1.128064680896465166e+00
8.294049733355319809e-01,9.954531536959704274e-01,1.085384117589054620e+00,1.000325812275928872e+00,1.311974554250185721e+00
1.046770053869752859e+00,1.154557399666278128e+00,4.949602249138189691e-01,1.125295877005636047e+00,7.118890489948156430e-01
8.895332648979813461e-01,1.101402701441341669e+00,9.590463373626306742e-01,1.484283975009205836e+00,1.133494858657600357e+00
9.182513460811646544e-01,1.182044266004398825e+00,1.157378258370238333e+00,1.260537802119048756e+00,1.185016878818458519e+00
1.030595644288975654e+00,1.187435412324246986e+00,1.316597825206849759e+00,1.282644893353843019e+00,1.234690240719878984e+00
1.244808635999991253e+00,8.634088570346246660e-01,1.416563837795839387e+00,7.471336103672507889e-01,1.029452349367559805e+00
1.049219810695064536e+00,9.230022059751666896e-01,9.833838058639521318e-01,1.568239009929965233e+00,1.600650955016250876e+00
7.181925954626993125e-01,1.031583127738351591e+00,8.710499089863937838e-01,6.719134716219541392e-01,1.075845079533785942e+00
9.198086408783914258e-01,8.970278135265405961e-01,1.204376936099675444e+00,1.481817398261512153e+00,1.036860561594870944e+00
8.540974780695052004e-01,7.589804245282323336e-01,1.156787539307198909e+00,1.019465850734714074e+00,1.087397654439513417e+00
9.173859800307702095e-01,6.930152170243624177e-01,1.249006948700214004e+00,8.110192126871961227e-01,1.056374933373801284e+00
1.269709732741588715e+00,1.535564152558789308e+00,7.755527869599890822e-01,1.421526778376792199e+00,1.309114716956262470e+00
1.282555327410525248e+00,1.402960680978256214e+00,1.125558117454164009e+00,1.580881425423610098e+00,1.134284657277647490e+00
9.011592258510610076e-01,1.129547420757051945e+00,6.992308837964122947e-01,1.456232545043236293e+00,1.182776715278161861e+00
1.164983026586115633e+00,1.018448308690215187e+00,1.263642459669949814e+00,8.721660242232586180e-01,1.227074362617259329e+00
1.693360098633676536e+00,1.419715247080843845e+00,9.727416646115883969e-01,1.191571751793451206e+00,9.048390524451932482e-01
1.072358379431209041e+00,1.119046026100727786e+00,1.025038018916213378e+00,7.398090906785125265e-01,1.072412510186612211e+00
8.261782705630549284e-01,7.663891761961989513e-01,7.685685522916818613e-01,1.341590691384316303e+00,1.205153128182421485e+00
1.305742033926841072e+00,7.933050295959765963e-01,8.234397453608340856e-01,1.311012509030704765e+00,1.660977988192669619e+00
1.185417710167832483e+00,9.865523711692193443e-01,1.024329506410091906e+00,1.271341273269217975e+00,1.135619069214210963e+00
7.252820278331024717e-01,7.495298186470641388e-01,1.063132092851975852e+00,1.306287613869216324e+00,1.060387351331794514e+00
1.111501090653647772e+00,1.047677534279216838e+00,1.358200586992718728e+00,6.530360923426851150e-01,6.371488560172822169e-01
1.166658073512396587e+00,1.091692854163142323e+00,1.215288073340024200e+00,5.518008413230065523e-01,1.243129244865752714e+00
1.014871029860192619e+00,1.100234160361903246e+00,9.340486564762485733e-01,1.284984171176650980e+00,7.569306839019739330e-01
7.707365001195902732e-01,9.042089910749007142e-01,1.387914025610690993e+00,1.312790953299535435e+00,1.366369336462274209e+00
8.136335394926216269e-01,9.164897697514807762e-01,1.251376140626778932e+00,1.226736811867035648e+00,1.683538796268130522e+00
1.138201852776550504e+00,1.320537907393768862e+00,1.072963083776649285e+00,3.765656380643746526e-01,9.636074445386988430e-01
7.915664851240152844e-01,1.353242692623712440e+00,6.543913400557112015e-01,7.719607411906604932e-01,9.141082912750614353e-01
1.108658611352304924e+00,5.979391090940379128e-01,3.746887487684488760e-01,5.537640167251104417e-01,4.769676590362630919e-01
7.435342970314838817e-01,1.253046307876118259e+00,8.800220744448474797e-01,1.192251706523910437e+00,1.029132693924387665e+00
9.052382274618280267e-01,7.811892022682682679e-01,1.047947997442420176e+00,3.844967465306426968e-01,1.275438158451548842e+00
9.652035077386021955e-01,1.464305002866327809e+00,1.011662600750644625e+00,1.102359428280747178e+00,1.410446640734916324e+00
1.269280633225931210e+00,8.353764582908935754e-01,1.078084679822915559e+00,1.143149415517933365e+00,1.274051376631839316e+00
7.404809127161948723e-01,7.452808077245883789e-01,1.252442748261078931e+00,1.154878789766032199e+00,1.414429345928621018e+00
1.070080441389351433e+00,9.977207685843911822e-01,9.280985209219300147e-01,8.518917526005390650e-01,1.476824390218228311e+00
1.457967827593610988e+00,1.378112403741388103e+00,8.576626155609835545e-01,1.310361148322479519e+00,1.253149827678511574e+00
1.007194534893785853e+00,1.257419310859997585e+00,1.237721501999425655e+00,7.886874059620373467e-01,9.922398616578046449e-01
1.054375789944815400e+00,2.201521952267527782e-01,1.255364945796794141e+00,6.290059799299739796e-01,5.561521425281928943e-01
1.360175910595454507e+00,1.117713690802104809e+00,1.195563210324804393e+00,6.394791787148021989e-01,9.041157382255209374e-01
1.283206469330969934e+00,9.246617832975085882e-01,1.064778672029452089e+00,1.109029130144518982e+00,1.590037281044332840e+00
8.481414524300859847e-01,1.308162385420248430e+00,1.215866205451010540e+00,1.260944885809648142e+00,1.287248997570429765e+00
1.326953266713130075e+00,1.181382214921795848e+00,8.938150467689395251e-01,8.168889821132757634e-01,1.301300629088490757e+00
1.612912755597067926e+00,1.227878408129644772e+00,8.698168709117836128e-01,1.026858946101063319e+00,8.710113698464263532e-01
1.536587693243257613e+00,1.519423458183029707e+00,8.739872141475574230e-01,1.280790297425825397e+00,1.532198421493807583e+00
8.216235217192706664e-01,8.041082766478673260e-01,1.585753807585067676e+00,1.189143035976282459e+00,9.486594095516043268e-01
7.698917937103363363e-01,1.171076254946004092e+00,1.253403931870342047e+00,1.228464351378349972e+00,9.846773889089481813e-01
8.501768988482402145e-01,1.181132074463686177e+00,1.046759634196404498e+00,1.536015072730185116e+00,1.318521880687631098e+00
1.149324362287715839e+00,1.151248190909864189e+00,1.321001791616156051e+00,1.176583595096341250e+00,1.554279458131558656e+00
8.247023127918222674e-01,3.978135629764293357e-01,1.342183908967145900e+00,1.315220165552429377e+00,1.155749284930817966e+00
9.333147208589139820e-01,8.444942218997517625e-01,9.557617325675802356e-01,1.285966407253863464e+00,8.712744350952592587e-01
1.053203081178948786e+00,8.432820501230703369e-01,1.096957259894874692e+00,9.324407562804077898e-01,1.363723164992168835e+00
9.396767276954712811e-01,7.806038307335797510e-01,1.030487290516448384e+00,8.148366197983428760e-01,1.473464322437485485e+00
1.695638481074807968e+00,1.315803412069828982e+00,8.558115459474626707e-01,8.276407020828209227e-01,1.272731353259204168e+00
1.410187030170839906e+00,1.504789637055137463e+00,1.034680648929047653e+00,9.503541768085168595e-01,1.163793914095405002e+00
1.259626422705465432e+00,1.146578967469760846e+00,1.289180204040008881e+00,1.138417104081729025e+00,1.328828273397045345e+00
4.976607771066638986e-01,7.762205749791913911e-01,1.105055079807734320e+00,1.091360589511066514e+00,8.097682557174689100e-01
9.292526354028108893e-01,6.554641953214067618e-01,9.650395373943704280e-01,1.442755342623192272e+00,1.093723610878696295e+00
9.078999012104135291e-01,1.324531715358558293e+00,1.655447091238685831e+00,9.122400674300206180e-01,1.017603021479168923e+00
1.053874285826645663e+00,1.330440027679162363e+00,1.462368426833335899e+00,1.666800708521851915e+00,7.560977625498471744e-01
9.586215908942111730e-01,9.628331786286576932e-01,9.963932196801840169e-01,1.125338601625051727e+00,1.538211974657397896e+00
1.174058409691086657e+00,1.616594940383881296e+00,9.583681476623728823e-01,1.249886699857465810e+00,9.358081946414584795e-01
1.109434078562972381e+00,8.745978085554403370e-01,8.594122144763429727e-01,1.313838143483297083e+00,1.156983845527259191e+00
6.664297984096004823e-01,1.153791418355429199e+00,1.328169365526041812e+00,9.123805368133188765e-01,1.281098038798949013e+00
1.261639078189753294e+00,1.550935266408547619e+00,1.746184269387972998e+00,1.449105794732830965e+00,7.516423913946905788e-01
1.134380755742639524e+00,1.679376305833095939e+00,5.935408645798463390e-01,1.284805572898242820e+00,1.396792892314101753e+00
1.137691092913130975e+00,8.799225300829468521e-01,1.112247667947976915e+00,1.215943217133078846e+00,7.811574895256419016e-01
9.669400538494834496e-01,1.230743890365062931e+00,1.201062627224353196e+00,1.058455761671151185e+00,1.198181986955122014e+00
1.333186048802051493e+00,1.397224559902327190e+00,9.501524907294972566e-01,1.030259896470532954e+00,8.379489721690617232e-01
1.323901774782210605e+00,8.124103088608705114e-01,8.578117947419334754e-01,1.438678886894369846e+00,1.292268092365831622e+00
1.177208288430244831e+00,9.942769674279803294e-01,1.064884005917140719e+00,5.366837373411801337e-01,9.981136802622946336e-01
9.534063522847590066e-01,1.550241019442919255e+00,6.866442720474416062e-01,1.043611833280836620e+00,1.355948742945576324e+00
9.836890508378594022e-01,6.072917889796841662e-01,7.878882109900766650e-01,1.581885041706250883e+00,1.442183268823121978e+00
7.979997763643985609e-01,1.025908776988774251e+00,9.730793719016500587e-01,1.149363427375470259e+00,1.030763591056012007e+00
9.781380143736257970e-01,1.415107336338601529e+00,1.611456757298654008e+00,9.783000575551827893e-01,1.243374240664784525e+00
1.193536431177229629e+00,9.025722625527096143e-01,1.062276757619569745e+00,1.474444490317915024e+00,1.362092111737063904e+00
1.586854280006929629e+00,9.033968502525043798e-01,9.460077214793640721e-01,1.451196161082334513e+00,9.543227621913152880e-01
8.380722834078466743e-01,1.428500581704661654e+00,1.661380970594298345e+00,9.863073875542331947e-01,1.044069527436622069e+00
1.021665397738706904e+00,9.172732141330193212e-01,1.108966129873120599e+00,1.181396768393893515e+00,1.120130348808752396e+00
1.210460936119122533e+00,1.430886404687740088e+00,1.377052738467616777e+00,1.103638269857272647e+00,1.090720261934959634e+00
1.296223460595983479e+00,1.014018938909029943e+00,1.057385290669310862e+00,9.109271189304231076e-01,1.088435979600736792e+00
1.128595856818980891e+00,1.123799311708524984e+00,1.166280370675938149e+00,1.008104018503772625e+00,1.005956382933663296e+00
9.937018861193138708e-01,1.017678961379559821e+00,8.908694291423090439e-01,1.209234814097413180e+00,1.097670388006521724e+00
1.457751071038332791e+00,1.029521384435454934e+00,1.643824499087853885e+00,1.099500512709193023e+00,9.284581806469408560e-01
1.204431756351131977e+00,1.019459750370076412e+00,1.120979063637152828e+00,9.667098906043187778e-01,1.226904158622997620e+00
8.064569247655473117e-01,8.758197001650893654e-01,1.399348655387205431e+00,1.402757596210703728e+00,1.190314630457598888e+00
9.892772729074942317e-01,6.968540762481858497e-01,1.194890266830691106e+00,7.029686165765153261e-01,1.506119829892435646e+00
9.316047416759869471e-01,9.397765499888759422e-01,1.555998781031346478e+00,7.633856860317457249e-01,1.099211713694410397e+00
6.883230981413185345e-01,9.930110715474760319e-01,4.149199567252410126e-01,7.450605608757331355e-01,8.651894895518874584e-01
7.301079786627932000e-01,8.635510677427676862e-01,1.453239818404961747e+00,1.171335307344310461e+00,1.307741437129422479e+00
1.064347414218774102e+00,8.665201903174694076e-01,8.808690243102604844e-01,9.543029509164551172e-01,1.422970118299331066e+00
1.211646313282320975e+00,9.044458201128537933e-01,7.130828861505026373e-01,1.055306542793580160e+00,1.173008781850309434e+00
1.092732465671980568e+00,6.344999565159835653e-01,1.284314168931051769e+00,1.096768344755572944e+00,5.910869454250812227e-01
1.343129287337057498e+00,1.258455152737766758e+00,1.431844766011195036e+00,8.112174764743897981e-01,1.147751675835726015e+00
1.077162446148799635e+00,1.611666794355950616e+00,1.410937163755555002e+00,1.110618413698079454e+00,1.150701623954041075e+00
1.041553986823237521e+00,1.228230549555231921e+00,1.052593096515466842e+00,1.528224376583396715e+00,7.513548168891073242e-01
1.267719536632455624e+00,6.582953605339546543e-01,1.462113670772148932e+00,6.771989774895953440e-01,1.082161608960391375e+00
5.703314971247380738e-01,9.681714915625497797e-01,6.122573877241020979e-01,1.189136991170328672e+00,1.210603388339100084e+00
6.497923006700054849e-01,1.200539662472365432e+00,1.219597653205700016e+00,8.363496041024836014e-01,1.395589790036227074e+00
1.332069013777612776e+00,8.545340292180206854e-01,1.074076363438136061e+00,1.519404827235833810e+00,1.311988750245879354e+00
7.808697293928756888e-01,1.211264219497096173e+00,1.660423335272858347e+00,1.018227140931143193e+00,1.473465875544503367e+00
1.184695209799335291e+00,1.111870312132457350e+00,7.920481255458264869e-01,1.324518236997514142e+00,9.468692863466769971e-01
1.144525648332900936e+00,9.979354292514879265e-01,1.646877992097570464e+00,1.062580650257949344e+00,1.022990614676033694e+00
9.813537564854822870e-01,1.334009757942768548e+00,1.216026091743551030e+00,9.410469987393442759e-01,1.215352061091771407e+00
1.448684739015636547e+00,6.485930343705158529e-01,6.493413997496833012e-01,8.468107181300181807e-01,1.461191227581721819e+00
1.246041933597151319e+00,1.579538559153113697e+00,1.282846624294335491e+00,1.245040862345733412e+00,1.225515101629224723e+00
1.226810247665876874e+00,1.096364806197781538e+00,1.443666884096001413e+00,1.434709623373028320e+00,8.573305195903057063e-01
1.556180863040051765e+00,1.243898044425831628e+00,1.281184905980891298e+00,1.017543873288135003e+00,1.513253089220109038e+00
1.074930099733628408e+00,1.035331381393666206e+00,1.537812222746531399e+00,1.307961669035546226e+00,1.158428650626964096e+00
1.127128291643551661e+00,7.356022729303008933e-01,9.944250500216381683e-01,7.413113427784594478e-01,1.272867420158321883e+00
1.120191335263774901e+00,1.118349730844889311e+00,1.189908424053899516e+00,1.068182501527864758e+00,1.403936779851322703e+00
9.479495843689725865e-01,9.389163630283339224e-01,1.151169148314392432e+00,1.177345200406952896e+00,1.004044906593940967e+00
8.627038244634209763e-01,8.499055333230858267e-01,8.288005881817688270e-01,1.297859432851299566e+00,1.316603667378558828e+00
1.111715647526010597e+00,1.028509210219346492e+00,1.087934118114059601e+00,1.155550373635521266e+00,1.463375538022105182e+00
1.111086514429437511e+00,6.752571819351621540e-01,1.040788572089748065e+00,1.041808821660293649e+00,8.661850194043217988e-01
1.565421219874783443e+00,1.660121413028182280e+00,1.339827020222055021e+00,1.186954258387125982e+00,9.465009612567315544e-01
7.168285926423070276e-01,1.432033579029743597e+00,1.169436510926075590e+00,1.010485780739783124e+00,1.400781076213128307e+00
1.157744338598949652e+00,1.260715631260668879e+00,1.049301897912177317e+00,9.442185937906963922e-01,1.017641046875403132e+00
9.231609528364133066e-01,1.085106625439085093e+00,1.383679245546381331e+00,1.460461093928874465e+00,1.307296331110466392e+00
7.840638294754666004e-01,1.285873849084808063e+00,7.902747557555382940e-01,9.288374885232143496e-01,1.251064129309939599e+00
8.536678321608694997e-01,9.553717998256677779e-01,7.922496568082735280e-01,9.162146381791069771e-01,9.607385526182948832e-01
9.210050465717529722e-01,9.332214943851218081e-01,9.311911662046320481e-01,8.946927448990331655e-01,1.112961483304411470e+00
1.086975581183951212e+00,1.492731832729001340e+00,1.364074376950804357e+00,1.254705776565590014e+00,9.579595754523527740e-01
1.401986955048595718e+00,6.908619764425011356e-01,9.251815303789135969e-01,1.026189506237109805e+00,1.156254990188122500e+00
1.238278538297395537e+00,1.149256861487256254e+00,1.242611907377896951e+00,1.152847560108876124e+00,7.758149750547372880e-01
1.270570002728623971e+00,1.574049091662385269e+00,7.663152660161841601e-01,1.275023475125374395e+00,8.423493545365736690e-01
6.536751987161231181e-01,1.118154205274889179e+00,1.141347662753423586e+00,1.173067949003112842e+00,1.178332508332811113e+00
1.029100358335677479e+00,1.132922460252389296e+00,1.186003471262768727e+00,1.242973456056402748e+00,1.236571852609295474e+00
1.162176670318048943e+00,1.135713981026775121e+00,1.182112200678288483e+00,1.058628565470205229e+00,1.303318781713461494e+00
8.548036126671997303e-01,1.012166750075166322e+00,1.020070613615887689e+00,1.060941568919815392e+00,1.227379517021565336e+00
8.273564863830011884e-01,7.945457701498731540e-01,8.319468375937432159e-01,1.157831723994759754e+00,1.198731957394234993e+00
1.199802843480033854e+00,1.309880814966795315e+00,1.280071558776922247e+00,1.072026370376124582e+00,1.181239241646169891e+00
1.697402414309061802e+00,1.001390662980956581e+00,1.089162505304359208e+00,6.662261333779947448e-01,6.375891722687051510e-01
6.496797783999042064e-01,5.532857079051829441e-01,9.989175965538402702e-01,4.786154747954255995e-01,6.108209830630588755e-01
