1.535561144438004400e+00,1.280187450820555961e+00,1.193658970703254329e+00,1.153428009704410950e+00,1.576225885341280497e+00
8.360678555344068785e-01,1.348648737722389690e+00,8.342700939147990047e-01,1.017649653006190258e+00,1.270140546537885440e+00
9.486327055305405764e-01,9.247480870530393471e-01,8.120573615222587138e-01,2.415373507384951379e-01,7.012403844131662733e-01
1.271401577745111311e+00,7.441975004589687082e-01,1.162370037816042201e+00,9.491218418770627219e-01,1.165251626034104149e+00
1.269470332423976666e+00,1.145387074147336204e+00,6.999973001935776429e-01,1.453175268872936021e+00,6.139264248464803009e-01
1.138715798762214515e+00,1.339743146179413591e+00,1.138854389617869112e+00,1.258589664369866412e+00,1.002432903966132827e+00
1.166323838942394442e+00,1.171380019341172307e+00,1.281302933702381797e+00,7.232399611197263267e-01,7.187808617473869788e-01
1.180709952658914430e+00,1.206468758467562630e+00,8.246949554488589573e-01,1.217754155173122577e+00,8.995811082507979561e-01
1.177862128002219455e+00,1.352501347443901381e+00,6.291739575242133453e-01,9.775944305325726669e-01,1.187854805999434493e+00
1.106247248932074045e+00,7.799847822001071407e-01,8.672666737411093285e-01,1.095464780210295253e+00,1.221588203466065892e+00
8.270650030686080845e-01,1.418587192601802327e+00,1.361191370362314190e+00,1.049738011208374289e+00,1.327258639085145742e+00
1.338873544096889301e+00,1.749739245086110895e+00,1.111229665356992413e+00,1.219011587270600216e+00,1.260667751365876832e+00
8.606477498277761429e-01,9.453157859753105186e-01,1.308027829791557073e+00,1.474748302308177328e+00,9.270841391257024222e-01
7.874893683141125367e-01,6.591805802244088408e-01,1.266256042602545984e+00,1.300098721394516099e+00,1.368048674691150435e+00
9.943665387619947671e-01,1.516904060325956038e+00,6.949967268679824173e-01,8.331444783129157150e-01,1.027242535858001959e+00
1.240388461924281094e+00,1.145141845519471513e+00,8.328658956761062493e-01,1.021525799227921860e+00,8.777873069782859972e-01
7.983910723553299116e-01,1.292661863300079483e+00,1.330832728410966448e+00,1.404187859014387474e+00,9.540026923514605128e-01
9.503790968026554209e-01,1.084473881469251388e+00,1.438098639129085754e+00,1.051397398305538022e+00,1.165844979684545812e+00
8.387083801611512346e-01,1.029398397905859408e+00,7.741953751743878565e-01,7.741261325308874675e-01,1.066673807763804938e+00
9.773442570467342216e-01,1.380640442438067828e+00,1.100562920045569326e+00,1.279821532296872899e+00,1.146640348084263961e+00
1.119129919341770973e+00,8.038285715059025893e-01,9.731561190035517006e-01,1.120701058358146041e+00,1.238148725492487001e+00
6.651999566151421961e-01,4.035193267196134914e-01,8.409974782775377911e-01,7.986247667656027893e-01,1.082916414738642308e+00
1.133330207400587097e+00,7.862676355722338917e-01,1.423779461169952798e+00,9.362439690643399315e-01,8.201190984280299912e-01
1.016978177851152632e+00,8.625050436630216089e-01,1.315062701773876297e+00,1.296138996970330748e+00,9.309123927020630518e-01
8.445611300781646902e-01,8.840518090257205586e-01,1.698464844514756544e+00,1.726925416512608225e+00,1.145261169731847106e+00
9.577556344330637739e-01,1.217884999738345631e+00,7.993314167359580891e-01,5.604239857842099326e-01,1.006682252102961916e+00
1.004108171881220812e+00,1.146946372574519035e+00,1.299115292904167829e+00,1.205171438667285155e+00,8.239077953169782198e-01
8.754541286457224736e-01,9.649388654604240667e-01,8.711726949422909927e-01,8.061017456061098096e-01,1.127206815518985383e+00
9.777580033594176490e-01,1.109765007449872387e+00,1.424253056190723399e+00,1.224866374123171120e+00,1.193255525336982981e+00
1.439327443126870110e+00,1.362028463213511564e+00,1.494080079477693168e+00,1.190092581280713491e+00,8.448401063241983699e-01
1.311391734827536570e+00,1.270108471819743068e+00,1.179561935592695843e+00,1.169198389683429928e+00,9.238325836272803793e-01
8.514767557922817698e-01,1.315030038330460949e+00,1.081644881920334589e+00,1.114453335919790788e+00,1.416718493468915208e+00
7.843243484081121597e-01,1.448045187544779733e+00,1.423056225695461086e+00,8.331391392367620830e-01,1.214691621992175730e+00
9.975492674914946400e-01,1.014585276769849775e+00,1.083857934195041839e+00,1.400228445103140151e+00,8.326424693127403298e-01
9.955306316841909808e-01,8.553841430259342404e-01,1.521969857392563741e+00,1.127678561356971088e+00,1.264941665525411318e+00
9.171918029705087294e-01,9.352040128073008107e-01,9.874522556460757494e-01,7.338945345858779445e-01,5.550227634612576733e-01
1.324746110671058519e+00,1.480032198207052119e+00,6.971410377551504611e-01,1.327009136679533130e+00,6.086903987495266843e-01
1.245986296454171471e+00,7.253094058651442522e-01,1.249989216624079802e+00,6.845499621974926452e-01,1.204013442511640664e+00
9.596889455403400104e-01,1.379244395409373825e+00,1.064823466661656504e+00,8.137051769946885837e-01,1.501451506713157968e+00
1.164440946595870052e+00,1.341231555826423838e+00,1.260339018466927641e+00,8.370824252442428115e-01,1.482932145007711311e+00
7.845486281512077387e-01,7.781034898527049437e-01,8.223709162460862698e-01,1.284310270911969143e+00,1.124951509545548012e+00
9.397007920624704802e-01,1.119908908325052632e+00,1.306185528373194904e+00,1.182309930130301501e+00,1.423002549122108995e+00
1.311074160491467078e+00,1.184237275860928529e+00,1.707017254032869191e+00,1.571151912421256513e+00,1.613134439004758836e+00
8.881226132484062452e-01,1.142206074493748780e+00,1.567869692211013355e+00,7.587870879849887285e-01,1.025741165873922389e+00
1.305063869493866102e+00,1.478844569890283678e+00,1.360607388183846300e+00,1.126482020397673978e+00,9.066672620605348287e-01
1.089169157798006493e+00,1.414001616910543380e+00,1.325716804865341825e+00,1.188177829027540211e+00,9.738273870884015526e-01
1.292858189469017427e+00,7.544248396320489825e-01,8.066893629526750154e-01,8.355774603447837512e-01,9.960952940371620157e-01
9.160232976207819400e-01,1.366859363219876444e+00,1.129088155005057992e+00,1.033831315736931433e+00,1.412175946267066440e+00
1.541173033379715340e+00,8.436169239969301126e-01,9.538610673187833955e-01,1.456280067845213466e+00,6.780588283845820907e-01
1.051610081128226737e+00,7.893568090130245185e-01,9.145731914022431353e-01,5.601599629635878319e-01,1.028090102228050196e+00
1.452928783066415708e+00,1.141103449586592822e+00,1.408875418591377215e+00,1.075804731396165614e+00,1.124946283341852871e+00
9.098529955405348923e-01,1.687491777516906044e+00,1.109458246270034421e+00,1.551944154019003319e+00,1.275182909724764446e+00
9.648510255156663717e-01,1.752091180444296459e+00,1.733450834529538520e+00,1.045967202157115805e+00,9.959135880168731303e-01
3.911450887228582474e-01,9.360279706519087917e-01,1.181646933647044539e+00,7.010923002281144178e-01,1.072097508999179771e+00
1.151063241764201051e+00,7.938934831232672407e-01,9.278991627322853430e-01,3.660708228023418775e-01,1.008578205822318496e+00
1.168741820402757314e+00,1.313658877506495459e+00,9.738999693509547972e-01,1.051006756855745738e+00,1.337279171739683914e+00
9.904217971302381462e-01,1.136140698480139433e+00,1.146923159653164381e+00,1.027464385707629324e+00,1.047741216305037248e+00
9.864220679393591595e-01,1.517396550455125448e+00,7.603923163339812996e-01,1.657161521885056832e+00,1.127394589125232160e+00
1.661056962253474767e+00,1.006807495978721212e+00,1.414934409448631358e+00,1.175650353741523935e+00,1.041429940302186052e+00
1.410187822581857153e+00,1.067318769027621794e+00,1.004191328323202681e+00,7.331179509991060383e-01,8.683997577143061086e-01
1.437724983180568517e+00,1.036626861079942508e+00,8.880731612588107504e-01,1.159271674504470662e+00,1.177502102961676567e+00
1.365121493138486741e+00,1.199365788672360988e+00,1.300464066371292304e+00,1.043992029978810132e+00,1.337800586553570703e+00
9.819035208484913069e-01,1.352953555853916967e+00,6.224775014243631999e-01,1.251043615351330462e+00,1.120089941003513667e+00
1.467178448710884098e+00,1.319670985561744780e+00,8.066472929682809712e-01,1.148378011874479299e+00,1.043956423332152550e+00
1.081258589556111982e+00,1.319951216810424155e+00,1.082474417661713817e+00,8.991077071146966748e-01,1.073439394937997671e+00
1.071507705391179677e+00,1.487774136802444858e+00,1.301095692066949194e+00,1.259472737248402918e+00,1.053148439590478658e+00
1.393617511546909604e+00,7.628755397622914991e-01,1.304546929003578493e+00,1.147469901719734509e+00,8.060613548553139385e-01
9.566486878839056684e-01,9.559443345020091076e-01,9.335734924598584339e-01,1.255094644979293461e+00,1.052892528497177738e+00
1.091578743764241910e+00,1.684856864160627410e+00,1.506373830673511494e+00,1.110334471089451602e+00,8.353434673305212277e-01
9.838706181146512630e-01,1.222705442994046710e+00,1.331254962579177414e+00,1.401434148375628963e+00,1.073099426721833005e+00
1.258804627363475426e+00,1.113093977407135116e+00,8.004925738376645894e-01,1.211186404744318823e+00,1.006107981309512622e+00
1.483818671419673940e+00,1.256918013089171948e+00,1.450632597279100544e+00,1.009206791571890971e+00,6.607165033934442322e-01
1.005942404082903474e+00,1.279838320025336040e+00,1.183819981962589862e+00,9.942289919614976101e-01,1.340119976745507202e+00
1.254640854793119153e+00,1.384725149620517959e+00,9.543955118398292914e-01,1.363884182397016032e+00,1.365411955213910788e+00
6.434300990209731452e-01,9.764035216431807829e-01,8.893320824868879981e-01,6.754796203614745753e-01,1.551331104378406822e+00
8.302100009196834440e-01,9.820595195916947961e-01,9.460618760437445873e-01,7.013927059741253967e-01,9.966261231104227569e-01
9.735542332499236284e-01,9.810210081030077411e-01,1.303307321397713547e+00,8.687334581476436890e-01,1.145375717713796426e+00
1.074309308720476697e+00,1.177407585337634677e+00,1.003166412317014977e+00,9.319280821234960932e-01,7.372373429585493687e-01
1.381576497817478044e+00,1.669319489280238544e+00,1.003710873382590796e+00,8.601863028299664427e-01,1.159362309200277164e+00
1.596322193713014981e+00,1.454857450175466083e+00,1.185465816253308491e+00,1.076092362874936370e+00,1.224228261836814990e+00
9.203292030245583399e-01,1.084630970909512770e+00,8.411972609760435260e-01,6.069462837624374218e-01,4.915076687287736612e-01
1.031086769960396943e+00,9.185260532142782708e-01,1.260000995911021437e+00,1.033576304729908690e+00,1.382249275412937850e+00
7.412621769810184835e-01,1.069091069107034109e+00,1.173795086228852647e+00,1.126356846553276725e+00,7.202742122008144454e-01
1.238495888315970017e+00,1.319949891800978437e+00,9.544539722087659328e-01,1.069215386535659063e+00,1.039185512765462338e+00
1.459149191781248911e+00,6.248624141957804801e-01,1.547398559760681636e+00,1.277539956254602149e+00,6.522976850644850444e-01
1.095718197151571482e+00,9.252075826931561719e-01,1.408279241358828981e+00,1.205581542409756901e+00,1.140869156791379790e+00
1.563844562176541331e+00,6.420865425341074628e-01,1.058558951616596744e+00,6.730639298045320018e-01,1.418440207119741725e+00
1.210116517892033672e+00,9.468831589466835119e-01,1.507789986737802179e+00,8.476018504792371955e-01,1.328751606894103210e+00
1.425905987499926697e+00,1.422407145216631363e+00,8.938505194769239548e-01,7.477226575547042398e-01,1.215806316900305273e+00
1.581653744962277397e+00,1.135572827226888348e+00,1.370804438518677948e+00,8.322147714091410187e-01,1.384588571460361850e+00
1.071111929107443128e+00,1.112056373274314724e+00,1.025012506455312833e+00,9.914942379194126021e-01,1.160293682263291215e+00
1.167666203733870534e+00,7.834517413528829799e-01,1.146109981018120560e+00,1.110437312205156735e+00,1.459654217642612828e+00
1.572959297572469106e+00,1.550410774728233410e+00,1.061173358679943224e+00,1.623675549629193027e+00,1.063465257826922139e+00
6.571824501325286283e-01,1.249966553614804132e+00,8.693189016431772664e-01,7.218983918591959092e-01,1.244467274442532023e+00
1.163433880895690553e+00,1.163910894346273928e+00,1.266952613264142435e+00,1.430614126893712479e+00,1.219560622144998829e+00
8.100789997057977754e-01,8.854050635713417439e-01,1.595121629673113439e+00,1.377458158223725526e+00,1.073236248763276279e+00
1.260024370436908292e+00,1.080636409921952090e+00,1.113450660773879886e+00,1.357590357920628099e+00,1.467008457340833072e+00
1.543121154755531688e+00,1.208231212254672338e+00,1.264858809519296301e+00,1.094099807108223743e+00,7.212438209267697520e-01
1.543516033085313932e+00,1.045075111252978584e+00,1.480569643989866790e+00,8.104667269757067638e-01,1.553409665193243416e+00
9.916828941220560134e-01,1.348855997847276500e+00,1.118682987461829370e+00,1.060631504200453046e+00,1.456209113898245366e+00
8.532296926203520870e-01,8.014024862417060691e-01,1.607326649197984070e+00,1.287591262953741822e+00,9.698851558308277943e-01
7.290294969678328130e-01,1.214735278427627296e+00,1.398593864152909205e+00,6.844482306239815239e-01,1.170775332364330623e+00
1.111902938152425024e+00,1.255053043526722423e+00,1.221750272131627124e+00,1.139291841788765414e+00,1.245685844279203147e+00
1.228244983002769963e+00,1.014497122105101568e+00,1.219578621938870233e+00,1.071253897523223753e+00,1.035811433873595533e+00
1.368037403547817776e+00,1.044029834372297794e+00,9.529528712620081166e-01,1.362483365500146482e+00,1.577550515356326288e+00
1.009218521130061497e+00,1.508744453998375423e+00,1.306658524847279068e+00,8.843047086510243959e-01,1.610898849476283923e+00
1.229774905893583403e+00,1.051275588372292402e+00,1.064303240288714036e+00,1.594912008727602970e+00,9.110278890880894043e-01
1.480587122911357190e+00,1.334374391589128628e+00,1.589918825848693373e+00,1.144641403454972339e+00,7.315942282154882514e-01
7.142863237188921133e-01,1.419624626087033326e+00,1.240476624453700882e+00,6.638893611837173303e-01,1.016086433786451027e+00
1.050829280747195282e+00,9.505230938911842786e-01,1.302876113287656068e+00,1.165613145800775907e+00,9.694306906058073325e-01
1.125956572162779556e+00,1.147539728464471720e+00,1.068529018868594527e+00,1.160928932648149559e+00,1.068992710119527123e+00
1.127856527731740721e+00,1.076102636409177915e+00,1.364544607599118331e+00,6.471526266659149984e-01,1.049876491055423244e+00
1.122975565862815772e+00,1.359838795182517490e+00,1.313365200413991296e+00,8.940639930335736452e-01,1.003304690866253290e+00
9.089065548131941563e-01,9.030545809224056475e-01,1.156374046975326975e+00,8.623142634283652574e-01,9.734235236835201421e-01
8.440506887499285016e-01,1.581537059773305387e+00,1.618283561932129855e+00,9.297762496180904668e-01,8.075449620014770735e-01
1.373319939400716727e+00,9.172543464690902093e-01,9.275950425340604433e-01,1.274456064228102203e+00,6.502760960247673250e-01
8.205727101834222603e-01,1.501512575501894986e+00,8.107592389451372394e-01,8.821215435966661689e-01,1.231371026695613935e+00
6.373620485710397299e-01,1.262408450865515119e+00,1.046977088557870417e+00,9.213644799464338897e-01,1.177612771566680205e+00
1.223060483714097479e+00,1.162724790675977671e+00,1.404254417013226730e+00,1.471218171385761497e+00,1.123986333668140825e+00
6.251616264519045396e-01,5.481316453144451373e-01,1.296452252921981740e+00,1.424178413125241960e+00,1.099510295153596440e+00
1.213811605625879642e+00,5.786362059536707125e-01,1.124248955315746201e+00,9.799169104259684016e-01,1.087174898834088799e+00
1.459497474372281056e+00,1.396960411256877421e+00,1.104321619612421701e+00,1.444588207581783301e+00,1.387419126972227579e+00
1.015881960679849483e+00,8.187289334446055111e-01,1.312018704868793684e+00,1.241513173302079887e+00,1.301990764087279873e+00
9.210804043574324362e-01,1.604202849236097794e+00,1.093975114537439675e+00,9.687323095694033714e-01,1.178111865857669027e+00
1.309849021928641166e+00,9.263419490382234223e-01,1.332513278832378578e+00,1.299924206756338130e+00,1.129920929796737195e+00
8.933132840377908668e-01,1.095024205831766961e+00,9.866907162094520345e-01,8.463847420652521603e-01,1.059083231505818512e+00
9.320818104966176465e-01,6.540325721051085672e-01,1.157814018808353440e+00,5.898798740382907857e-01,7.245891906663551874e-01
8.235299012502546034e-01,1.172352517731445110e+00,1.292558590821605291e+00,1.390899311449732334e+00,1.170835449906731274e+00
1.352350768767631939e+00,1.440285386248257415e+00,1.309323209650745889e+00,1.002267163993046495e+00,8.036000208618464535e-01
1.047087679088429368e+00,1.320075108361978611e+00,1.426278862818556981e+00,6.749010539292088495e-01,4.871258174139562747e-01
9.773815460883318318e-01,1.195509730750585531e+00,6.980139376109858462e-01,1.103323372262564828e+00,8.345798841326853568e-01
9.734943521402635858e-01,8.014746460620865154e-01,8.947144253384986534e-01,1.033442650091964232e+00,9.138563769815338800e-01
7.861919280535386578e-01,1.100327802268546096e+00,5.420001875336016850e-01,1.052924130562034044e+00,7.951136516123942233e-01
1.144742984389601315e+00,8.786140230713576083e-01,9.325418638481527411e-01,1.209165901392897258e+00,1.292898340869311546e+00
1.332103484070031429e+00,1.269116868792984354e+00,1.021403857245261726e+00,1.050986997993176297e+00,1.064599454464570272e+00
1.245092930096602046e+00,1.266112568187471643e+00,8.257792839074484803e-01,1.495250501370616325e+00,6.862494477781050373e-01
1.302189670458372639e+00,8.932688753048141361e-01,1.139638592252193661e+00,1.198762571042112146e+00,1.094608076893566651e+00
7.059526353875635873e-01,1.443700682620591591e+00,8.508220203226516398e-01,5.827956835386393086e-01,1.522307761106358681e+00
7.822688098599943629e-01,6.218162798695863192e-01,7.865591297002487714e-01,6.488490258379503439e-01,5.782796156801882637e-01
1.133305400181267908e+00,9.553637358647523170e-01,1.039424268731258039e+00,1.319549105130177091e+00,1.043232336185769604e+00
1.139644940963093767e+00,1.124669144811946131e+00,1.135389104962564844e+00,1.233018331188352024e+00,5.997394005122674843e-01
1.305661637728822377e+00,1.602837545261950991e+00,7.904191998362398719e-01,1.014735925439278708e+00,7.955427245476509590e-01
1.023220126999621504e+00,1.101609637950069720e+00,4.272084630819127926e-01,1.050783349113237009e+00,1.618632602934382492e+00
9.462710349408769428e-01,1.139889927802476111e+00,1.298844747571908931e+00,1.181435787025208350e+00,8.420083976913422807e-01
1.149482146011668204e+00,1.192351225128536862e+00,9.292913427444385865e-01,7.739512144024554008e-01,6.101404117752592393e-01
1.283947312158405740e+00,6.010725965764051049e-01,1.095783607631200640e+00,8.926747255755880239e-01,1.202733853988855905e+00
1.094729164933469168e+00,1.015662347862049897e+00,6.729548001527482226e-01,7.793407760313181276e-01,1.026225094740258692e+00
8.507346557652343266e-01,1.515994604500560339e+00,6.298968728586030741e-01,7.474692127628120852e-01,1.464263212105151979e+00
6.749956324532889740e-01,1.012176931221162812e+00,7.621176886865996813e-01,1.122884709464010866e+00,7.707196068578650028e-01
1.176768401863688585e+00,1.221249520641112918e+00,6.826743550504874580e-01,1.156987774398803293e+00,1.072758628097145728e+00
1.040042301420783799e+00,1.357468128056865009e+00,1.072433509900552862e+00,9.549268255615920298e-01,1.595453591721000208e+00
1.431214630014761457e+00,1.306593515093191993e+00,1.042966898226814099e+00,9.323148050290646083e-01,8.484140243610198695e-01
5.691125058309471907e-01,4.188856578405665831e-01,1.062358647681641122e+00,5.607117037859256081e-01,7.943017555979913213e-01
8.533510743375879448e-01,1.927263635129625952e+00,1.203057910064320835e+00,8.824821046026216642e-01,1.374550086651605829e+00
9.204883624014820187e-01,1.361799032385200503e+00,9.951976973004723614e-01,1.193990993808570655e+00,1.118587155652439158e+00
1.265580501174119021e+00,1.055529785307641077e+00,1.142068712260604135e+00,1.026202706430935585e+00,1.068361128132872206e+00
6.854441895006520014e-01,9.621243720066152694e-01,1.160638909896746007e+00,8.281148529579033246e-01,1.291114407218847626e+00
1.175287444301413853e+00,7.708098116416638446e-01,1.338731384740599717e+00,8.783317977498388274e-01,9.559531296715263471e-01
1.066021227330207211e+00,5.654982825595629148e-01,1.004202224999650062e+00,8.342556377459579009e-01,1.350022135093728037e+00
1.215907290764956183e+00,1.233754843086423580e+00,7.813082420336433520e-01,4.599941600912574313e-01,8.969596583812113888e-01
8.888257668018154645e-01,1.156558179593555558e+00,1.402184831160909306e+00,1.201511847435368763e+00,1.049823987001326842e+00
1.184439463100779077e+00,1.406245644323382837e+00,1.024327102091977748e+00,1.484144591143506275e+00,9.884799549915168626e-01
9.486385356186394224e-01,7.992394394665763846e-01,8.258129773933938766e-01,1.081336080589549109e+00,6.394884368774784722e-01
1.217921433504514983e+00,9.248131231602396696e-01,1.400682274384562831e+00,1.287753311358398101e+00,1.367933641065450123e+00
1.102482644223120811e+00,1.296356554214163070e+00,5.475315249663267325e-01,1.301149910349217675e+00,1.114749607062554881e+00
1.299035623976075637e+00,1.276819474425739287e+00,1.148510924378982612e+00,1.358438326329236112e+00,8.462640141198926047e-01
1.263967022101279758e+00,1.197695432080899014e+00,9.929930910220539086e-01,7.544579060413814098e-01,1.002428122093169005e+00
1.220094670539982662e+00,1.107251234990325850e+00,1.487652230938057540e+00,9.156046367748582604e-01,1.529721831983269054e+00
1.228065322283119931e+00,1.442892656220397640e+00,1.477306341634445186e+00,1.392861338909201940e+00,1.228543415627575186e+00
9.837058533685412165e-01,1.333919536358327607e+00,7.042316258612150159e-01,1.251845146800700581e+00,7.522779460130045726e-01
1.593803662461363624e+00,1.114746444096154088e+00,1.175081142784752952e+00,1.450642444095441741e+00,1.266917470691417025e+00
6.282232750046888858e-01,1.102279934842567144e+00,1.276095206125869241e+00,1.340992290435393031e+00,8.484392892907801631e-01
1.429299650377430675e+00,1.090785927854388992e+00,9.583792802221553497e-01,6.821261498550720281e-01,5.954565964631599595e-01
1.764892836159735134e+00,9.381090720902374169e-01,1.303079921241312444e+00,9.129028892075405910e-01,6.893038208880780671e-01
8.121710278428692087e-01,7.614735831371270969e-01,1.421595685878389359e+00,1.451682066129600601e+00,9.595608541549740522e-01
1.517619173455671655e+00,1.375644577665069423e+00,8.547002350039225593e-01,1.501289556300826167e+00,6.626885961988162599e-01
8.450168593353749591e-01,9.529845579906370823e-01,1.190943611835170390e+00,1.217600686889829920e+00,1.200968014051108090e+00
1.273419610636884025e+00,7.253517928469019882e-01,1.326126538379958308e+00,1.326026948214318102e+00,1.286570718518620149e+00
1.498640582302119828e+00,1.368505028806450863e+00,9.220219667734529390e-01,1.044627572753859424e+00,1.068385838188410597e+00
6.460245740068930598e-01,7.457229726952376847e-01,8.618490786057054764e-01,1.304510204923722050e+00,1.262296083615543019e+00
1.117607495777852344e+00,1.109133570274590586e+00,8.686750082831923292e-01,7.786740239778855432e-01,9.873884581712302211e-01
1.200100571423188045e+00,1.026170387508954729e+00,1.201677141658520798e+00,9.121164064074396283e-01,1.258472011522978162e+00
1.230447382561518754e+00,1.066711476730580754e+00,1.058933571215195490e+00,1.435817835967182265e+00,7.943690664320447459e-01
1.346668869204039387e+00,1.175874440216096106e+00,1.225941510643038912e+00,1.128338200453102624e+00,1.214703633128109139e+00
5.409292633068034650e-01,9.588009571468929515e-01,1.440926525041700046e+00,9.575736234593120733e-01,1.442349412845516987e+00
1.518143055759944682e+00,1.303551622870809723e+00,1.179313550139350353e+00,1.336836762181736082e+00,1.003866750468773272e+00
1.125039026423846122e+00,1.091043740795377026e+00,1.097534325288406665e+00,1.034276841446843953e+00,1.179450878119393753e+00
1.492307845687749213e+00,9.951198659021148751e-01,1.058890501809614859e+00,1.407749421819709523e+00,1.471139159986409872e+00
9.985405867155497939e-01,1.274469420598728364e+00,9.475729775900944007e-01,1.218279582712879616e+00,7.029551293286475655e-01
1.325023665565106645e+00,7.699802602221266223e-01,1.222995190972754997e+00,1.442773077063474796e+00,8.474306569124044897e-01
1.199764258399675487e+00,7.294955782929372079e-01,1.444245013360127450e+00,1.226017345184890361e+00,1.210705883602726241e+00
1.389220002417320021e+00,1.380167364306643218e+00,7.175101477155617635e-01,1.153180607277190628e+00,8.936010351472863933e-01
7.847733927786695318e-01,1.003945858791824630e+00,9.316879371760252715e-01,1.420729002268545704e+00,9.041370692006853726e-01
1.210980999248244094e+00,8.492378335573045334e-01,7.797331094671412499e-01,1.135174695038489112e+00,9.757914727774382735e-01
9.966230946603974461e-01,8.814027412222631419e-01,1.063702184647712601e+00,1.380815891934520812e+00,1.028893848735456418e+00
1.334085656932115782e+00,1.357685638930790528e+00,6.683254899507006241e-01,7.813388475585515414e-01,1.355140645588905013e+00
1.500527689602881853e+00,1.319812017508421143e+00,1.145290746392737091e+00,7.308628242995467428e-01,8.074450709386550296e-01
1.148915528203746206e+00,1.003365116351997210e+00,1.215828217327457050e+00,1.343988089872595770e+00,6.228679539141771526e-01
1.016693293250740426e+00,1.071495114720157016e+00,1.271375829177849415e+00,8.204296782161438761e-01,9.505161814712952406e-01
1.187086860071240979e+00,1.139861359541762820e+00,1.134027347059450630e+00,1.146312556219538425e+00,1.346166743432565260e+00
1.160070000565148307e+00,1.209003213456283365e+00,1.553567211570551443e+00,1.140476178756056225e+00,1.294824484853128288e+00
1.279431022643930271e+00,1.294460591290323981e+00,1.171121247594297810e+00,1.110465830750672511e+00,9.232508488842777750e-01
8.329485243408634165e-01,1.404530059801649688e+00,1.067959059461052629e+00,1.207385133273171096e+00,1.079255825643837152e+00
1.202370573032722101e+00,1.282109342864441004e+00,1.468354356841915287e+00,8.038234604642230385e-01,1.085399031675702286e+00
7.210845948812950601e-01,1.470614716493884311e+00,1.001080954163114711e+00,1.075408571764088661e+00,9.680602618069682475e-01
7.283992359546112016e-01,1.680463800325253887e+00,8.541288534242666985e-01,1.010361195108379517e+00,1.213536419421769041e+00
9.841146169872468930e-01,9.466962047646401146e-01,7.964565585246685675e-01,9.761183925381728965e-01,7.450640137705303312e-01
1.078215640053858282e+00,8.193866629574524385e-01,8.883133092786865692e-01,9.907120230722316068e-01,1.118537871630471026e+00
6.844445218230529315e-01,1.434047265668604298e+00,1.367623155057601680e+00,1.451506421195622121e+00,7.260679174446833528e-01
1.456427529277984467e+00,1.128984013742570847e+00,1.242131785811815492e+00,1.258021854278036367e+00,1.437066623992978354e+00
1.280363606707817459e+00,9.369076753382834521e-01,1.449049191692243221e+00,1.096679504934516158e+00,9.012251600355086767e-01
1.162724906709696082e+00,1.281232730269049602e+00,1.030993546098327940e+00,7.930948572457863222e-01,9.873195272326291683e-01
9.337259069633617736e-01,1.419948268585167206e+00,1.420856085725548335e+00,8.293587180845234386e-01,1.416847758652240108e+00
1.018013830534505448e+00,7.476983741928533433e-01,6.296022637626810248e-01,6.962954860491413767e-01,1.019222621734537038e+00
1.446605329623245062e+00,8.859231611569601261e-01,1.380848573907358157e+00,1.148653954370606689e+00,7.838046415879750262e-01
9.404891770591236044e-01,8.917736312179898039e-01,1.322819482049673701e+00,7.876789043369207821e-01,1.487248452731164905e+00
1.000559348194760112e+00,8.848669055154226859e-01,9.411727355061604294e-01,9.546320121453359953e-01,9.129511704086940016e-01
1.292709630295397316e+00,7.385062238347169794e-01,5.669517349875383694e-01,1.157446333190891741e+00,1.050694961601876587e+00
1.031722722929376612e+00,1.019850099107681762e+00,1.212054509238688960e+00,9.086614563845530901e-01,9.104802353907234247e-01
8.200482454594072435e-01,1.246168795886955172e+00,1.250004420006046058e+00,1.483878545213180411e+00,1.249253722820304890e+00
1.165722606851021581e+00,1.013068700474766048e+00,1.438857093724221770e+00,1.165413927427761287e+00,1.260521886760538779e+00
8.605259779124739827e-01,1.041836314837406796e+00,9.598684681366559390e-01,9.250484233337950002e-01,1.220305226566569257e+00
9.720901832697784739e-01,9.306257744505497254e-01,6.612327373605266789e-01,1.095270889026680905e+00,1.145757603097615096e+00
1.521939514442351982e+00,1.389444914773103612e+00,1.067926869670587475e+00,1.278667500162908643e+00,1.007245032407162233e+00
1.248987735542226751e+00,1.454207579453416166e+00,1.124937920538033875e+00,8.885457069915108086e-01,9.343917999092112847e-01
1.302284934165266250e+00,1.087508162281336954e+00,1.239733057907648650e+00,1.011315292384304731e+00,9.721754755658273961e-01
1.341657477647389296e+00,8.508819658929623886e-01,1.005247501996060944e+00,1.408246429861331306e+00,1.377534253540784404e+00
8.172217605519536132e-01,1.041318472130137618e+00,1.513534289444140590e+00,8.589291958279535733e-01,1.057267312398315617e+00
1.280435077517158682e+00,1.105159371085461695e+00,1.016180271209892849e+00,1.388928766376793744e+00,8.904667454974100060e-01
1.358903426529452174e+00,8.908017756311894519e-01,5.760467900654732132e-01,8.465181194201225612e-01,7.087470751116343726e-01
1.051166506184153970e+00,8.836404751401824020e-01,1.080987363945165480e+00,6.583186823964632950e-01,1.379378107090483363e+00
1.133313878814826481e+00,1.063699729057437260e+00,1.065432424735316408e+00,1.090106923409305484e+00,1.156294781119250770e+00
1.262740744534083026e+00,8.795375673721502752e-01,1.080729477588366461e+00,7.304976092351029848e-01,8.654238115159045286e-01
7.270333265574892012e-01,1.427703800434428683e+00,1.248760670364986725e+00,1.425248661317010779e+00,1.196339628644297992e+00
6.980361992637248436e-01,9.390619260684508474e-01,1.418516008860576161e+00,1.140502237201490576e+00,1.396304682395994812e+00
1.437745061446192185e+00,9.220186471863418554e-01,1.625823471861873593e+00,1.039835213423184523e+00,1.147574235194372960e+00
9.181028126788316479e-01,8.661276457656451599e-01,1.020077677582543085e+00,8.777093872865606716e-01,1.285078594531588347e+00
7.359547494601315076e-01,1.182061512648973522e+00,1.248799370550080390e+00,1.070956567540840787e+00,1.261571157518983410e+00
9.780706496370025205e-01,1.227377053950085450e+00,1.300768612247138689e+00,1.232559150533856007e+00,1.287442201685069065e+00
1.338327299081728095e+00,1.377719943299222205e+00,1.505393724944566580e+00,1.457843525516951511e+00,7.795884415309398685e-01
9.747447381469961369e-01,1.383742532096561284e+00,1.159452959958239493e+00,9.592482784665871121e-01,1.067671107739516900e+00
1.402271804149307410e+00,8.036228621773827685e-01,1.544410290512801431e+00,8.197664676467890654e-01,6.809017653203460751e-01
8.639211985821051432e-01,1.673550130405373482e+00,1.428185245986951069e+00,1.383852076511153717e+00,8.839047821281601491e-01
1.236513553438954416e+00,8.632993965651786228e-01,9.093680689107489501e-01,1.228975514783547940e+00,1.477110395957672129e+00
4.719044603711097241e-01,9.815941712988921486e-01,8.333439311602636179e-01,9.861650842973950226e-01,4.491526936591225816e-01
1.246019573914086243e+00,1.079950218103497894e+00,1.465384032469096320e+00,1.119612016872621352e+00,1.454750694925825982e+00
8.298154198859257757e-01,1.123394902162562659e+00,1.348094681587165944e+00,7.180785575793718900e-01,1.215682763648095577e+00
9.480407122933295350e-01,9.661117064341940841e-01,1.289007003967965304e+00,1.040126140037754165e+00,1.222479283732501809e+00
1.305883895715420406e+00,1.234502057695882282e+00,1.283127833188244749e+00,1.202937728086118430e+00,1.052917516534362941e+00
1.267836994754560465e+00,1.697901132061067075e+00,9.530027954004666180e-01,1.120637463101180842e+00,1.075319138975613376e+00
9.106924843373804812e-01,1.279765984462095663e+00,1.852272980387375201e+00,8.531579234557047364e-01,1.123459499771956027e+00
1.391676784357016583e+00,1.255249661650401194e+00,7.160415214023043706e-01,1.415102810324068150e+00,1.249437800229758366e+00
1.314739221624670718e+00,1.017249346038389790e+00,1.132621923589606228e+00,1.718352474860487478e+00,1.053837396133182391e+00
7.595068570081520143e-01,1.592565966625543838e+00,1.003387664606775642e+00,1.031859918268453358e+00,1.345188116051919236e+00
9.812050960658830201e-01,8.015042713501232541e-01,8.050697809660110060e-01,3.309253352186337094e-01,8.575027739001689353e-01
1.225654003052981222e+00,1.142724678106504799e+00,1.375573834454868249e+00,1.236022147753188527e+00,1.252073513983946285e+00
1.143996699249266280e+00,1.244390655558673453e+00,5.326006177362470062e-01,9.881268109329370830e-01,5.068860932746818149e-01
1.466266608836419350e+00,1.212077041637638963e+00,7.183789681610699418e-01,1.470487255007472127e+00,6.338776886709878156e-01
9.002079220009702176e-01,8.922130292589735001e-01,7.448609833714491257e-01,8.485047323315045853e-01,1.106607068104721980e+00
9.538101018960249977e-01,1.102410358427580839e+00,9.859305878094185571e-01,1.370662539294378535e+00,1.070860763620343103e+00
1.286247178160316196e+00,1.180649272597697141e+00,1.179890127838634006e+00,1.206788740252535908e+00,7.590421624412747592e-01
9.686028525771954723e-01,7.747585457038955736e-01,4.909549655742628804e-01,1.242500514459441652e+00,1.213983957675523806e+00
1.185523420353246093e+00,8.051113318544801389e-01,1.116285084854442333e+00,1.251356921462151606e+00,1.271060403658365257e+00
1.438738067809859578e+00,9.959704767157536720e-01,9.943831368927709136e-01,1.274902808697341072e+00,6.158598505432146819e-01
1.104532035156547520e+00,9.116889553153837422e-01,8.437251942058504595e-01,9.537028925213061337e-01,1.440623780445762447e+00
1.250555325607915824e+00,8.163084719685728130e-01,1.067614939014636333e+00,1.035590642372270942e+00,1.247312094845120622e+00
1.343225606019118556e+00,1.123726378168726336e+00,1.423786402062992007e+00,1.179515709964564341e+00,1.037431612687665483e+00
8.427372799759161870e-01,1.468983668370077211e+00,1.008626320783410524e+00,9.129381961629643438e-01,7.423998349004595765e-01
8.396204612897082420e-01,1.051401858329545913e+00,1.019565797392387507e+00,1.221866369428323607e+00,1.321811512205624872e+00
1.438214766203487649e+00,7.449697938872923419e-01,1.113035246631560948e+00,9.677057144688598900e-01,7.896913164749249647e-01
7.880774365393468095e-01,9.718065896508770729e-01,1.186841875261210655e+00,1.244033729092732132e+00,6.867921740658826657e-01
8.553820303701376027e-01,1.067904525137556515e+00,1.215780372376213059e+00,1.218101919510300890e+00,6.881065397718738597e-01
1.037163362818313672e+00,1.176468477062796447e+00,1.274543594962120663e+00,1.553900877003678627e+00,1.002147148092379592e+00
1.018739012111337994e+00,1.092515285073007103e+00,1.123382894582436009e+00,1.168930636485897567e+00,1.015991873050745342e+00
1.178337168072848051e+00,1.147286926867385981e+00,1.125191421487910182e+00,1.277097239449671129e+00,1.405359792700850763e+00
1.407805491551382460e+00,1.579232354523218973e+00,1.374067059211130370e+00,1.124318749185288846e+00,1.300983144680603498e+00
8.312009491451123333e-01,1.069695957854856605e+00,1.217475815487359281e+00,6.560581116599957241e-01,1.609788912305648356e+00
7.322900789198452109e-01,1.065594223358627524e+00,1.021234206216876439e+00,1.080886526424020389e+00,1.170983576925983316e+00
1.045163340532168084e+00,1.169082632651381237e+00,1.463194701897164718e+00,9.634771813983824540e-01,5.817328384298597888e-01
1.311088137037810242e+00,1.104761989304490433e+00,1.360239254978323320e+00,1.274237869745281859e+00,1.075243823555519063e+00
8.442840901898163164e-01,5.570916818453963693e-01,1.427731271134494273e+00,5.913984637047055015e-01,1.050788083799872874e+00
1.271251635089053478e+00,1.243518815180463033e+00,9.400013970942485697e-01,1.219474679172033671e+00,1.294471959599138300e+00
7.573122338840198031e-01,1.456687614088009397e+00,9.329635258061260705e-01,7.602241543061207807e-01,8.732117661446647805e-01
1.244481430385516285e+00,1.246473579616505178e+00,1.344352253615187287e+00,1.124986349296180244e+00,1.136098065885258190e+00
1.314937323983091932e+00,1.308798843238212717e+00,7.989349541148328404e-01,9.265727642964932675e-01,1.246761038808098965e+00
1.182332437821471904e+00,1.103211407464737004e+00,9.064611572557728092e-01,1.185818967049713013e+00,1.303432945704718904e+00
1.098970661549369510e+00,6.385022114002495419e-01,5.429965418156963430e-01,1.007757421820046906e+00,9.166770806785012882e-01
1.017925681576309582e+00,1.030186832451655654e+00,9.383471676879173717e-01,9.992854426369126575e-01,1.131277306657159532e+00
1.376656194010998924e+00,6.817643045104498922e-01,1.190544723545616357e+00,1.087585683077348930e+00,8.816411703085651475e-01
1.139249979999426676e+00,1.425637842752892626e+00,1.207431858042858908e+00,1.288176029365918351e+00,1.009387390479038693e+00
1.441910325027568884e+00,1.130351879021544992e+00,1.115706593451897044e+00,7.960973708392695691e-01,1.483488335474109743e+00
8.383548779576363019e-01,8.940828855621361093e-01,1.105903023348961067e+00,1.399271412819094618e+00,1.026201185206414568e+00
1.090865605500545898e+00,1.056582848713440326e+00,8.671812178561958406e-01,4.692590331483113553e-01,4.104122244264014063e-01
6.802977531192943017e-01,1.099797090303180180e+00,7.532337495821006534e-01,9.331376023493376248e-01,1.069009448114622618e+00
8.496595139461265989e-01,1.499017521819869581e+00,1.318340405470108001e+00,1.105160779326729292e+00,5.487514949472632741e-01
8.334087320972811685e-01,1.091910874948890608e+00,1.422174619531913820e+00,1.215797645355324530e+00,1.198979899268932003e+00
1.068388563233776400e+00,9.056120499403284008e-01,8.407174647821529234e-01,7.355369950300961746e-01,7.027739406229986940e-01
6.672971935055740378e-01,1.072349570609488989e+00,1.099355199807932726e+00,4.564683900952836160e-01,5.905534961562852736e-01
1.317667939912044117e+00,9.031462932024986179e-01,9.166650057061763723e-01,1.050573572489454488e+00,8.615650052570845707e-01
1.333020568009331885e+00,1.253095002211453091e+00,1.098418112227941057e+00,1.155459341368719528e+00,8.275564532034673793e-01
1.340088793731900374e+00,8.868428185506137540e-01,8.107488086260579152e-01,7.806597498832046345e-01,1.162954672607168893e+00
1.305175994411593265e+00,1.345483407733503611e+00,8.036207502195045205e-01,1.229052113529188972e+00,1.048948928510853751e+00
9.988447831773890062e-01,9.616113320432980727e-01,1.389887411514519888e+00,1.472908418875130909e+00,9.205695086281330264e-01
9.437764713880975043e-01,1.148330670818864974e+00,1.168938520890637545e+00,1.538056816194907084e+00,1.241374810375849069e+00
1.012172585935430913e+00,1.129547971506231319e+00,1.411101342197957020e+00,1.060426571720760380e+00,1.424772099934355829e+00
1.087342337971102468e+00,9.824791348984412975e-01,9.325546893951687233e-01,7.618716477132270182e-01,1.499267103885836061e+00
1.089807186290206342e+00,9.844133126761215324e-01,9.837822587562000676e-01,8.387879316835206156e-01,6.719750450971018196e-01
9.777350720968468467e-01,7.118668995895193197e-01,8.107615937981244025e-01,2.611502475765380971e-01,7.127730986501583654e-01
9.101004660303366745e-01,1.058350803143934593e+00,9.691095848019491976e-01,1.220000740891761914e+00,1.348922063420743944e+00
9.964477354513157081e-01,1.095337362038398377e+00,9.847241991237229986e-01,1.445636568366783781e+00,9.823500079979168298e-01
1.138814207313641358e+00,3.814768703521104198e-01,9.388705073506167231e-01,1.370728865362161875e-01,8.551635525772885993e-01
1.304538448367837278e+00,1.059957245490595668e+00,1.552338769020165543e+00,9.724429357981591027e-01,8.604091654230541231e-01
8.259969375508047218e-01,1.226403438815355962e+00,1.079505871929470340e+00,1.314073282986671032e+00,9.348520143180774067e-01
8.435647323109298767e-01,9.709432453930542106e-01,1.004318491373051625e+00,9.439344768485637971e-01,1.066009310991319792e+00
1.134132944070944671e+00,8.609897667764632168e-01,8.744649836711350099e-01,1.123383118786181800e+00,6.824760685283639550e-01
8.429188186395195626e-01,1.262594674523918270e+00,5.337790834663109774e-01,7.120704950349988627e-01,1.358445227610465045e+00
9.608950216849588832e-01,1.395208446323459750e+00,1.209159552418771266e+00,5.992797882094470507e-01,1.159822732671123902e+00
1.119990241675758558e+00,1.191538357896336997e+00,1.185236549694745678e+00,1.422166199431191824e+00,9.601531020273652572e-01
9.212124772910551540e-01,1.367575135627687732e+00,1.502628414573468074e+00,1.220152338395499969e+00,9.904763888200993627e-01
3.855080129024684443e-01,1.220899121332150061e+00,1.201233523094877631e+00,1.189164190621143424e+00,8.072286247091571276e-01
1.310411476782519236e+00,1.195144457546259309e+00,7.297671146949320509e-01,1.480995262154906067e+00,7.577387972205889000e-01
7.708073710610122697e-01,1.166586005383024816e+00,7.665568923957164493e-01,9.672250142078787638e-01,1.219765804113863483e+00
8.329522263794087999e-01,1.106919342203019463e+00,6.711332775312650600e-01,1.054543380559837873e+00,1.212101974465918275e+00
4.719502851844297187e-01,6.290321612113025651e-01,1.403311015052187027e+00,9.296207643046386915e-01,1.139782883885119613e+00
1.161409284600838143e+00,1.372479536765495611e+00,5.668903099293544079e-01,1.202777304599154329e+00,1.263206045325071969e+00
1.531129626617055317e+00,9.031008441987840030e-01,1.440323108776769834e+00,8.812891036546864898e-01,1.093909014204133889e+00
1.456697534935722960e+00,1.534804236457723015e+00,1.348159908560357723e+00,9.061511296599313869e-01,7.453492644215807816e-01
1.033491819403601575e+00,1.103770981491894121e+00,8.696117922790310706e-01,4.194640667156016023e-01,1.256535005328037968e+00
7.573025920817475498e-01,8.619292738055438496e-01,8.345879650787628723e-01,5.577649256531119759e-01,6.595120744471107965e-01
8.217303480331387133e-01,1.140367466646513117e+00,1.182525016498357617e+00,1.148120691714069830e+00,1.164242652020862856e+00
1.082127208925394157e+00,9.024884302134338343e-01,1.383742146487113800e+00,9.567135368251101779e-01,1.156203459713615267e+00
1.135935555369795180e+00,1.137029281240851786e+00,1.042121977530506394e+00,9.958991070363486520e-01,1.051317213002124218e+00
4.946642918704930447e-01,1.023650357946882083e+00,1.008274183697573267e+00,7.383025817786664780e-01,8.511465148658418078e-01
1.106494117027065904e+00,8.150964249708946285e-01,9.131133837851637125e-01,1.172869352989405201e+00,9.646165060763951526e-01
6.867236580253162082e-01,1.061825410942864645e+00,1.439274492844424769e+00,1.199273164868033925e+00,8.576288686174111664e-01
1.441997561761624302e+00,7.752694647124943605e-01,1.665642850485217430e+00,1.395979492859040327e+00,8.975721114811847645e-01
1.362242449540795874e+00,1.119330443556564969e+00,1.410146878134796333e+00,1.633091986173717203e+00,1.167828715505469406e+00
7.594658858733152051e-01,1.366961168386894077e+00,1.010751885165806829e+00,5.482844534584860874e-01,6.036399938641958673e-01
1.564750490944757155e+00,9.398636604157544205e-01,1.412878554283135024e+00,1.157896510850499272e+00,8.930967516869380285e-01
1.178454373273704059e+00,1.212673974366532237e+00,1.418463143880941191e+00,1.248818508761731172e+00,9.028357765762609066e-01
9.600329439398402886e-01,1.037221722019865178e+00,1.365757556760480274e+00,9.291371734800016879e-01,1.589210329502065644e+00
7.806187187549790130e-01,1.268835146740228570e+00,1.122075695574659138e+00,1.215063946209651968e+00,6.095464170792916914e-01
1.044751255617192953e+00,1.032703866175896934e+00,1.533451057197777967e+00,9.014214754396957519e-01,1.101352612131613506e+00
1.059736654515969212e+00,1.391510796365298841e+00,8.704412902617014725e-01,1.244582972053097203e+00,9.481890397600428733e-01
9.780392624639315802e-01,9.675514920263948992e-01,1.575746898930938888e+00,1.139318034183155914e+00,1.412733243293148533e+00
1.230525737895640681e+00,1.205748946914455333e+00,1.250404060751187485e+00,9.461581054236473109e-01,7.450915085931850701e-01
1.113348670203191171e+00,9.961758667700485459e-01,9.828877448975336106e-01,1.330180226246492126e+00,9.028486150418884026e-01
1.178072389394358543e+00,1.243478370767717944e+00,1.697582801623771509e+00,1.339911971566327908e+00,9.543390026170265328e-01
1.052957426816614417e+00,1.030268193552335454e+00,1.177399506610140811e+00,9.171861451222785844e-01,1.363444539445229919e+00
8.174271567805982963e-01,1.480475999518684249e+00,1.020830258815942360e+00,6.787759770051752239e-01,8.906011698740060600e-01
1.490732766219788452e+00,1.098020356792071661e+00,7.226142360942882092e-01,1.538972090843092388e+00,8.189408103610326117e-01
1.626641268089116243e+00,1.006671452289988666e+00,1.295124977737414529e+00,1.127210429345925524e+00,8.089963196945877399e-01
9.235507214633119633e-01,8.298751556497866444e-01,1.618432250450746901e+00,1.268287759045519936e+00,9.986494488077328757e-01
8.718539840404279095e-01,1.269267564680811367e+00,1.003873987981212634e+00,1.337923647767318203e+00,1.174641172660484845e+00
1.158328462023446415e+00,9.933122151879761885e-01,1.192249597307627917e+00,8.686929298985445191e-01,1.383367254600884833e+00
1.259249919876204826e+00,1.460103201602430012e+00,1.105760199775027264e+00,8.577519270765978643e-01,1.249922385523527968e+00
9.964319734115986149e-01,1.245053560068839937e+00,1.351506856275632495e+00,1.040513577187164529e+00,1.269368938503811384e+00
1.234698396447696300e+00,1.134825221975722442e+00,7.769833997459322239e-01,8.704452415162962087e-01,1.256993578608820883e+00
6.518414238521154092e-01,7.974462591859767802e-01,1.491742505579355837e+00,8.584450219248910274e-01,1.400505241891083941e+00
1.157320745329784240e+00,1.162929603633277020e+00,7.448287413198331208e-01,1.388194471778456895e+00,6.878849481609347061e-01
1.008062836815477592e+00,1.211114005233889346e+00,8.268517162759030370e-01,9.780634846879254773e-01,8.255629781607627393e-01
1.277551425181910894e+00,1.070470851016672276e+00,1.371083132193540610e+00,1.021048960509555403e+00,1.340116107868081663e+00
1.221059763981177548e+00,6.812908464887190707e-01,8.389802467466349611e-01,8.137940164050712077e-01,1.245985455534126762e+00
1.396801004722217021e+00,1.097313930530238624e+00,6.048291334577552414e-01,1.195773108047861522e+00,1.440960726151783167e+00
1.118940334569125117e+00,9.744385812948793690e-01,5.052159291855583545e-01,7.904465017645870839e-01,8.904208374000897042e-01
1.342856180978948988e+00,1.025140726899733679e+00,1.095604429056522777e+00,8.454782794907486076e-01,1.103187148250504235e+00
1.183104492038299815e+00,9.413279081573033835e-01,1.258672435529384570e+00,1.209507764660261442e+00,1.566373224986233659e+00
7.449720423126112712e-01,1.239264490055992818e+00,9.033546562730513374e-01,9.079221812924089807e-01,9.055037636816011259e-01
7.671398774479583071e-01,1.118938960533887306e+00,1.197253666287914964e+00,1.262912302310731816e+00,7.792003935034175210e-01
1.236970642067031445e+00,1.176399599810017182e+00,5.725138686321656900e-01,8.409278338715006074e-01,1.235372793340403508e+00
1.362308301803963451e+00,1.419883471386961249e+00,1.222253276736617433e+00,1.436187233191092760e+00,1.145573507614356723e+00
1.074075558960489785e+00,8.684870981418559843e-01,1.061921230094431623e+00,9.496708052917067766e-01,1.160227298492533032e+00
1.038265442366134383e+00,1.386404499169356930e+00,5.121909381072174972e-01,1.296460162139295269e+00,8.869973349603386126e-01
1.202565145232796340e+00,9.972617540976248529e-01,1.102673065868055691e+00,1.005206421766588143e+00,8.914058091172253340e-01
1.402884639131214417e+00,7.652629273063369375e-01,1.589708145651375526e+00,1.416963553991898328e+00,6.808274511882070890e-01
1.414831144449717026e+00,1.137830897664650731e+00,1.241456156797281496e+00,9.956607392206330287e-01,1.185271452518663171e+00
1.398929861298785271e+00,1.162375775277582290e+00,1.040092943042959295e+00,1.242577479849798827e+00,1.614687155058917467e+00
1.059161187218914835e+00,1.145703461601350615e+00,1.260329369290089430e+00,8.583249456464653315e-01,1.123358478513533099e+00
7.476509662158009606e-01,1.150611623129237371e+00,9.766348338576552601e-01,1.219707906829044175e+00,8.966030934089532778e-01
1.477178880703645669e+00,1.232843700413515542e+00,1.233212967574745411e+00,1.103536278252698066e+00,1.114231024717474705e+00
1.229003566208453968e+00,1.013147592728044000e+00,1.187452275733300366e+00,1.128143397769855616e+00,1.056761067166141599e+00
1.299197632756436516e+00,1.077531190959582164e+00,1.647154389981364098e+00,7.880360728640665169e-01,1.217324526261804207e+00
1.441341691138090297e+00,9.923367078340472602e-01,1.003663625941245030e+00,8.102730167317374610e-01,1.415095927262940645e+00
8.782859355431741344e-01,9.001287877706478646e-01,1.201640569894721455e+00,9.338688160358401547e-01,1.117259386309867430e+00
1.159413413604365228e+00,1.415005407175159657e+00,7.016973454831344492e-01,1.014384252826228350e+00,8.560699871814982931e-01
1.256261522868740377e+00,6.771419022780924557e-01,6.859902248316432916e-01,9.672341140930207359e-01,7.807296329111577116e-01
1.075548021439085788e+00,1.111940318173002540e+00,1.000903236524419482e+00,9.768743589629810264e-01,1.035486826206930333e+00
6.072928514454307702e-01,1.343113458817565942e+00,1.334103549577592362e+00,1.204384456535660286e+00,1.110122448238254789e+00
1.459814204110428282e+00,1.234406433648059576e+00,1.182921575311503659e+00,9.940289244006518254e-01,1.379555401928146630e+00
9.340863051456915755e-01,7.827528948038038337e-01,1.291524598352642661e+00,1.419433174886973958e+00,1.299787447306887112e+00
1.319787410445662390e+00,9.824276971504395384e-01,1.239648615986693958e+00,8.800831806927565948e-01,1.144772329365408847e+00
1.051798063174146369e+00,9.045743497226884644e-01,9.552022354918517921e-01,7.310287809614430810e-01,9.461416393461881125e-01
1.296200841153682504e+00,1.143900304124886969e+00,1.192068213067962956e+00,7.789694333913289581e-01,1.241617963488730547e+00
4.702773919229091271e-01,1.033817184943297551e+00,9.734087357265721607e-01,1.226443767945369689e+00,4.296222520096804054e-01
1.084556695425879846e+00,9.384041962126848935e-01,9.605384105563943287e-01,1.106486807025576002e+00,8.398713976750648014e-01
5.647291731521105751e-01,7.646571942728552784e-01,9.165199110957736872e-01,1.129146805303037793e+00,1.286560495578848995e+00
1.162118564184905001e+00,6.716059424375632192e-01,1.277994706671251590e+00,1.262895797432076250e+00,9.846230743062950319e-01
9.185623563626033050e-01,1.268362840458045593e+00,8.644636578594819820e-01,1.445339273272105984e+00,1.553292549952914881e+00
1.231448210808528954e+00,1.131303775727067418e+00,1.376539150900072617e+00,7.759236082368264897e-01,7.777394662949711490e-01
1.262012601526790290e+00,1.412433780136124639e+00,1.372336858903383083e+00,7.979827683034483865e-01,1.172575709649998466e+00
1.121397507893777679e+00,8.404224037572944894e-01,7.075823202838149584e-01,1.412136204297060438e+00,1.113356324639784178e+00
1.181162601312143234e+00,1.092878237357527649e+00,1.161797717936311480e+00,1.068002502426518063e+00,1.468486327850912376e+00
7.564310189288500075e-01,1.037552044086485159e+00,9.019213241697531247e-01,1.388542015227385518e+00,1.377957122555668157e+00
1.266961354531942696e+00,1.464621486784173143e+00,6.151616271212382303e-01,1.056413853787223633e+00,6.162963603466632412e-01
1.097799299977203269e+00,9.186418243539574702e-01,1.307986957895469260e+00,1.180330953500411173e+00,1.409161904317525638e+00
1.147950104815449457e+00,7.116793797163465385e-01,1.433769239351057934e+00,5.935990763017291449e-01,6.615777518688858994e-01
7.091767653270703020e-01,1.216080150056428444e+00,1.315237007738117692e+00,9.787633510320441488e-01,1.060493341912327026e+00
1.287688023635894075e+00,1.264943111428399325e+00,1.172235919909093926e+00,1.238321806403690717e+00,1.372893592632492110e+00
1.607302782934616481e+00,8.722669131285271105e-01,1.094981063132632437e+00,1.072460037037676450e+00,1.231443479236295158e+00
1.269085263834760724e+00,1.464019830288081803e+00,9.932331377597753974e-01,1.160077366293905010e+00,1.144149308848606328e+00
1.246381934536693326e+00,1.544422455080747714e+00,5.795465924640111899e-01,1.092166361813601050e+00,6.515960710416147661e-01
8.610385235063124920e-01,1.422983958170500829e+00,1.269595231009843506e+00,1.270423851972525497e+00,8.286715306413698912e-01
8.256489973803218252e-01,1.594710431956501084e+00,1.482610545975977745e+00,1.119203990966405549e+00,1.282529636992614908e+00
1.126614386062153139e+00,1.143007449546957766e+00,1.114108313548292761e+00,1.085119293829830189e+00,1.207361839817302718e+00
1.043021505823330086e+00,1.339697038073041302e+00,1.425786171758816501e+00,1.309164774514993690e+00,6.334308761267172239e-01
1.183087241858582273e+00,1.157185607282418927e+00,8.654145341979671002e-01,6.041908873177430639e-01,5.282888036764534778e-01
1.252547951330244880e+00,1.099043048191220118e+00,1.368365214561741761e+00,1.260205426508456794e+00,1.249554090193630396e+00
8.076541221828111849e-01,1.400238122424412035e+00,1.156570934706543818e+00,7.441930341990536935e-01,1.226261819075405768e+00
8.423009497941225110e-01,1.173675452349607795e+00,1.040284146876645277e+00,1.419987220610912981e+00,1.393708606385237525e+00
1.074080136715826805e+00,1.320153357594037180e+00,1.133438997581255769e+00,1.258300781757227815e+00,9.127459157350737984e-01
7.968479834870176859e-01,1.327594818618055950e+00,1.317527518326957248e+00,1.530634496928502397e+00,7.658327688329724658e-01
1.291408593838888397e+00,1.001145780031330590e+00,1.318015553150015950e+00,1.015159160709265151e+00,7.010188871965996604e-01
6.881494127859555388e-01,7.377040316429420708e-01,1.238754674626991736e+00,1.544008442240204060e+00,7.969194971247649528e-01
1.177483916340082537e+00,8.619447458675074669e-01,1.204906840129033041e+00,8.875415601019841505e-01,1.321304838115997971e+00
1.036370765737606670e+00,8.344975019880942479e-01,1.277047232240887231e+00,1.280357450159825161e+00,9.350087154776747234e-01
9.444006880650511748e-01,9.304173570595818399e-01,1.196520010300660797e+00,1.514571765676375081e+00,8.415546506405141569e-01
1.010820477069039658e+00,9.837195257294382156e-01,1.154880463204427166e+00,8.005001744734084879e-01,1.171414791519307164e+00
9.949865423764071570e-01,1.203890771314574115e+00,6.837274559375507987e-01,7.646840286600935510e-01,6.605949619513122872e-01
1.073137023368486709e+00,1.238780130273895441e+00,1.831297679981003457e+00,1.262358395546306467e+00,9.189382566475267078e-01
1.379453252109068329e+00,9.825115692369560394e-01,1.481436535406626120e+00,8.656309459358706437e-01,1.057160093957300706e+00
8.544297361417662051e-01,1.004208580996446276e+00,7.649362982653070686e-01,4.589992617907000527e-01,1.131040122034231432e+00
1.026155070902831312e+00,1.351877560223285313e+00,8.849806947724027095e-01,1.386818921386813619e+00,9.136801965013505722e-01
1.007647261434567731e+00,1.024594593115631946e+00,9.071987915354382537e-01,1.145993245517505921e+00,8.270260980363365322e-01
9.007726239234267185e-01,1.288881336022046353e+00,1.403361783583883637e+00,9.532329361090796649e-01,1.022990973023654160e+00
7.748108610433743770e-01,1.549355474759774420e+00,1.396209056148875360e+00,1.513628611282944680e+00,7.977950000603968306e-01
8.221488536351373444e-01,1.467827989037901126e+00,9.820441140103531863e-01,8.689106840039622082e-01,1.163933206151658295e+00
1.011766468155795184e+00,1.426857956225813240e+00,9.189363206607413792e-01,1.370282174048775836e+00,9.551667400062142654e-01
1.032442962722015523e+00,1.193808068458212412e+00,1.246291020530953197e+00,1.088694408194349039e+00,1.064936163244338818e+00
1.240591786037424704e+00,1.128873730923438012e+00,1.104293164610504974e+00,9.496532064034827192e-01,9.505614590540867326e-01
1.244154444053384712e+00,1.034972259019035556e+00,8.982288375507073708e-01,1.192046485731178329e+00,1.181621949460698096e+00
7.531987376611440910e-01,1.633694575599736964e+00,1.004300100574633481e+00,1.310529091381068323e+00,1.676611606808483756e+00
1.854021534481583022e-01,7.563058144296367358e-01,8.815077983704315834e-01,-6.003440686318917141e-02,2.101265890891170218e-01
1.227057475929898001e+00,9.970859447276991805e-01,1.386900742214714599e+00,8.330769753999971439e-01,1.232891010326973680e+00
1.082710061772467203e+00,1.054007583103942824e+00,1.279849333485539198e+00,1.000807911159879104e+00,1.256418724468099768e+00
1.141603145436026923e+00,1.083781874386679611e+00,1.091081112622416915e+00,1.336249255266853675e+00,6.616273110807648905e-01
9.525022993332125099e-01,1.006962896092144621e+00,9.339069581850828472e-01,9.658709504245942545e-01,1.147966783135117019e+00
1.501841529177218248e+00,1.368276940130880304e+00,1.205870359021334659e+00,1.126158848007305480e+00,9.032197684331570997e-01
1.016916258221880698e+00,1.032394342123668540e+00,9.544951380667253682e-01,9.441515006556052692e-01,1.057704361076647670e+00
1.106144999242171467e+00,6.667175139068682865e-01,1.313899873391197959e+00,1.069301766766004969e+00,6.520818832667324427e-01
1.470907618670243888e+00,1.059522173827787128e+00,9.918831591353348687e-01,1.446213581381541546e+00,1.170638389069110774e+00
1.593006106515335363e+00,1.286108840613920501e+00,1.250384833315726807e+00,7.713301240040644213e-01,7.003214280686462789e-01
9.715432675155817321e-01,1.601030212188985224e+00,1.559242653571243586e+00,1.342908941356455221e+00,1.509129172296147958e+00
1.381338584179286455e+00,8.828175987787139078e-01,1.313383258216441529e+00,1.372298760022809594e+00,1.292586742043942083e+00
8.009266938592630725e-01,1.385831033201762930e+00,5.404302448034487005e-01,1.416615628747989186e+00,1.239243782438826269e+00
8.781128849673752734e-01,9.096731219566013271e-01,1.400195822583107264e+00,6.784021931162069752e-01,1.375980513084526846e+00
1.401342539483094951e+00,1.184703518361228891e+00,1.223139369141677202e+00,9.511802563367344199e-01,1.439164709937071684e+00
1.145346934645920411e+00,9.822429822380397413e-01,1.111395689866151670e+00,8.216367178648463776e-01,1.391494464752740079e+00
1.304518271423242615e+00,9.613229948015936666e-01,1.385851035682454269e+00,1.353567349746714665e+00,1.399764894354871725e+00
9.480156521478746434e-01,7.656808328450369627e-01,1.211340625669677040e+00,1.551989279217388162e+00,1.411754464363121908e+00
1.353255426895687563e+00,9.424710689643454042e-01,1.243694595139139603e+00,1.391817963385471479e+00,1.181423664752032643e+00
1.020479618433122404e+00,5.874674760989089251e-01,9.563227615148998106e-01,8.028893272735961872e-01,6.652299160945983614e-01
1.048334088193469738e+00,8.962424060104573487e-01,9.343823501779929819e-01,1.341043706631942278e+00,9.395346509003364988e-01
9.885992320674805711e-01,1.066245105045747765e+00,1.289157399629637712e+00,1.497842519313620224e+00,6.823312186682007896e-01
8.749027521785969208e-01,1.499711753806564074e+00,1.390818516501224344e+00,1.024470396277206596e+00,9.808823135374966640e-01
1.153513485253804705e+00,1.339726635856049564e+00,1.149064135519807017e+00,9.815297554076699571e-01,1.530368259175994394e+00
1.172881920370926423e+00,7.619627390040595305e-01,1.441531185706998786e+00,1.509248433792946376e+00,9.941421340654950090e-01
1.074954895791710996e+00,6.385312215821524751e-01,9.751736917325335430e-01,7.424939769037153248e-01,1.372060384779217213e+00
1.329249367335047838e+00,5.788988296868075034e-01,1.239116703680291032e+00,8.748788979561286094e-01,1.036353891286837303e+00
1.008723749402540948e+00,1.142624956745811327e+00,1.311136382631973740e+00,1.189529024794709455e+00,9.430050457248264628e-01
8.573267668034588729e-01,1.410745518149003397e+00,7.743441883531331227e-01,1.060712767070615348e+00,1.281015056047967393e+00
1.448692139956255787e+00,1.371511249805885013e+00,9.689876842473772456e-01,6.411632699050130446e-01,6.500353844591552077e-01
8.529503124964701311e-01,1.082598764861319784e+00,1.295877123773178763e+00,1.747060780109437550e+00,7.121026901626255068e-01
8.771017352105709985e-01,1.390800079159568492e+00,1.317407160530615684e+00,8.594615375153674686e-01,8.377943289808934546e-01
1.132047821454059022e+00,1.065636695635313602e+00,1.114418263836332468e+00,1.064717480876376632e+00,1.125815163720529144e+00
1.622588502879010797e+00,1.400119286315839151e+00,1.178574207872472579e+00,1.245695469934806177e+00,1.338200601374131882e+00
1.360860679110192706e+00,1.158571680547839211e+00,8.134959213285295476e-01,1.482983613343301643e+00,8.220458352000905577e-01
1.354276889566440323e+00,1.101533032643452481e+00,1.432812310335730199e+00,1.044207438660940346e+00,9.500600022381086029e-01
8.409169213873527449e-01,9.740292808666394242e-01,5.178567809104711595e-01,7.336650469959999921e-01,9.181495007103122052e-01
1.265605918170250366e+00,1.171317924102516672e+00,1.022421950860307849e+00,8.977566504031702088e-01,1.251066137288542990e+00
1.154154906574373252e+00,1.216943947303424256e+00,9.968187187187587117e-01,9.712764242317498686e-01,9.018427359256722120e-01
6.396278272689618349e-01,1.093737313577345160e+00,1.174163939571032822e+00,6.909413949140086331e-01,1.002452637446381578e+00
1.227848170653563109e+00,1.209057906906048530e+00,1.326618473576257173e+00,9.171109831659456368e-01,9.447544808873845623e-01
1.013777558419060698e+00,1.153328201333751579e+00,1.308731295703332353e+00,1.196440130714079952e+00,1.052403120420994709e+00
1.343169911588109056e+00,7.537288260964332132e-01,1.304079747588311022e+00,1.402433219788834284e+00,1.293581459891961272e+00
3.872856192890833382e-01,1.326656473218817078e+00,1.008686100630481253e+00,1.386043536896174766e+00,1.364137486618065109e+00
1.000034060074276310e+00,1.661868089868538956e+00,1.703125842899426257e+00,8.471368935783880616e-01,9.110399900713893606e-01
9.485910888297284238e-01,8.396800791063432357e-01,1.281302207425005113e+00,7.363294714838130028e-01,5.227378811579024287e-01
1.387137998940797479e+00,9.203048625309211417e-01,7.210939827290966386e-01,1.122548008281483378e+00,1.438497515471099053e+00
7.373313714290499199e-01,5.910297838565179429e-01,1.230629694092318260e+00,1.146724744635570170e+00,1.198822666465131803e+00
1.066505655441615685e+00,1.040608514528227113e+00,1.102446082595634147e+00,9.246504797515959773e-01,6.215017821823205502e-01
1.529921289994856437e+00,1.207223865796108520e+00,1.312788017659270112e+00,1.335595986669357638e+00,9.740277222249676958e-01
1.463992553037630762e+00,1.480517292051215517e+00,1.461551002525821374e+00,1.009814170025101765e+00,1.168750693230530935e+00
9.067810884453756382e-01,1.177791292099864995e+00,7.679432741242816496e-01,1.036573682633139093e+00,1.512642743569974302e+00
9.980704145888241730e-01,1.436799231250673659e+00,1.003599373824443974e+00,1.391129183160749516e+00,7.122053544877029463e-01
9.354587615239771115e-01,1.208329132397442773e+00,1.467671812750209526e+00,1.274166682823619112e+00,1.374216947777290976e+00
1.097446912952004805e+00,1.273974154335465236e+00,8.796071456846268344e-01,8.399483653878624390e-01,7.971203784559174332e-01
1.091701387144347946e+00,6.167440545111332328e-01,8.846882774900005630e-01,1.212263121934362919e+00,1.180713906527334212e+00
1.133759466516835346e+00,1.156881769848815855e+00,1.073078051687992307e+00,1.657507619498947760e+00,8.983414206488503639e-01
8.705165449321977666e-01,1.179405735798888744e+00,1.035033606091934510e+00,1.447179700265404767e+00,9.605570238979410647e-01
6.248258997922038205e-01,1.282253965655196781e+00,1.126528698449758448e+00,9.242904083661568349e-01,1.045802411270026600e+00
9.249614982155162091e-01,8.177876726398510820e-01,5.783348526845369930e-01,1.397869149303663017e+00,1.253669254598908323e+00
1.216354004338989991e+00,6.997585776202355223e-01,1.297919084665718037e+00,6.634397685746774576e-01,1.217844407822600061e+00
1.037007278661308929e+00,1.235356652073008155e+00,1.358992632244821142e+00,9.387364488087844849e-01,5.012324351177555037e-01
1.243181120638800596e+00,1.192265879110526505e+00,1.207053379189791498e+00,8.789062460806432719e-01,1.279695880308135969e+00
9.611124318578418979e-01,1.324663594690369761e+00,1.255375220324515206e+00,1.059808281354570836e+00,1.398179077041993734e+00
1.174366098530366553e+00,1.444992505978575092e+00,9.856578722763793543e-01,6.293514018313504099e-01,5.961049929909387757e-01
1.143466796723057177e+00,1.095939449549772737e+00,8.801397146513734171e-01,8.549400704539646956e-01,4.459076283455407630e-01
4.238041464269770020e-01,7.514653268328144176e-01,6.822800998412038576e-01,7.602998780811821566e-01,6.870831888346589089e-01
9.108815932566832752e-01,1.002073297998937740e+00,1.019298838585236844e+00,1.182247616736103790e+00,1.030534178573895288e+00
8.582833806139243960e-01,7.999572059389670198e-01,1.246010492417695570e+00,7.658379325104260893e-01,7.333047161286223581e-01
1.492853969398508784e+00,9.741829073687762186e-01,1.367569843886481396e+00,1.273120057971359742e+00,9.315530421713191789e-01
1.034701226300026811e+00,1.379754374877571133e+00,7.383768203324782009e-01,1.526897948191479948e+00,8.818238014346048148e-01
1.022623081457249450e+00,7.759625045287474876e-01,1.387645763007641087e+00,1.022251565192216161e+00,1.122597347791607802e+00
1.112810530041055346e+00,1.238514478548584208e+00,9.373714817920165698e-01,1.040088952929895338e+00,1.020046954195623190e+00
1.394058141119267402e+00,1.267992869073897300e+00,1.649420656808716856e+00,9.830348720313875077e-01,1.032796464212847765e+00
9.410767732194840196e-01,5.962020089696125069e-01,1.132205107496516261e+00,1.404945912302407729e+00,1.136229600609176993e+00
1.302037554374861239e+00,4.222133466517333789e-01,2.048312729769408425e-01,4.999629214890065065e-01,1.320195114309203666e+00
7.983747319019598443e-01,1.029124144685028552e+00,1.365510298610471240e+00,9.193311920328641751e-01,9.611274736405616137e-01
8.818517279978329571e-01,1.418877866879748595e+00,1.273833704439431003e+00,1.489422854601606394e+00,9.738444388692416576e-01
1.043523352022290407e+00,1.134364115038021481e+00,1.421961199987014313e+00,1.286083966069869744e+00,1.076110561175483982e+00
8.545285191793194901e-01,1.292108864707718352e+00,1.350085708553324881e+00,7.725453764003227253e-01,1.323514829897723954e+00
1.461591379071537133e+00,1.228529352019531062e+00,1.108226228007442860e+00,1.058153917059682758e+00,7.570573789090447869e-01
1.461956788494355619e+00,1.685281647847266084e+00,1.478411625617555680e+00,1.137770064216066190e+00,9.654194621856851954e-01
1.090073652848867924e+00,9.479881661767819434e-01,7.983727360731733835e-01,1.480382377896285462e+00,1.081060643480422412e+00
1.060227406849177045e+00,1.222137213145678025e+00,1.015222763274983064e+00,1.136047362375768532e+00,9.997640129711985457e-01
1.530080023922884003e+00,1.296516718932135825e+00,1.362065954426896042e+00,8.886219745561124705e-01,7.712294986710421796e-01
1.180150958125359750e+00,1.235104407259154824e+00,1.556446723449112168e+00,1.195438788479259662e+00,1.181668435734886113e+00
7.780329561626057044e-01,1.303636743900801864e+00,1.273026723434737884e+00,9.157531618672464235e-01,7.157858812088707667e-01
6.559411404981548843e-01,1.404510568495676237e+00,8.951001381946437352e-01,1.049971338999739601e+00,7.535310253698803695e-01
1.309810142656532284e+00,7.620937301716467216e-01,1.020240848515076681e+00,1.390209038577756573e+00,8.789516977607685355e-01
1.039823023904610677e+00,1.166472872923880466e+00,1.185586314455630452e+00,7.165001107402263480e-01,1.156342548390659974e+00
1.425458707389516189e+00,1.048222096345551746e+00,1.417898435379085553e+00,1.201698752184218177e+00,9.384361053396396146e-01
1.282084977200977916e+00,1.294867026648466757e+00,1.258989148023165416e+00,1.029744643249162150e+00,1.194301746447567369e+00
1.040184080566733726e+00,1.367832003620687686e+00,1.208188868923483428e+00,1.174217448576901024e+00,1.382117921706241148e+00
5.978497877546752326e-01,6.657467207782827856e-01,1.229313832681039775e+00,1.061087158420430221e+00,6.168687517486216576e-01
1.246654502610780924e+00,1.169952587214481143e+00,7.470081153745854463e-01,6.620404002623796469e-01,1.341414902170517731e+00
1.241096468492184579e+00,1.484630782671823690e+00,1.259282194626032414e+00,8.345518694916419511e-01,1.047260801341238334e+00
1.121992309329083337e+00,1.069413030895585148e+00,1.680361121957461457e+00,1.466038351082777247e+00,9.831889375696140076e-01
1.432855679493408196e+00,7.871843053983631489e-01,9.918481897308599748e-01,1.449133128280375216e+00,1.001451434082250902e+00
1.270035201804767810e+00,1.277819726287627855e+00,1.285655073027286877e+00,1.104772104683612088e+00,1.072605432835171513e+00
1.212327937366747710e+00,8.599240130945656757e-01,1.198411008517796361e+00,1.328908448103741202e+00,6.920535692926208515e-01
9.013581279213279673e-01,1.229417364168356785e+00,8.793186723712362873e-01,1.144038560126513948e+00,1.208483282720009599e+00
1.701091484695701039e+00,1.216564889848808839e+00,1.469983357983069894e+00,1.223692191724040867e+00,1.263317548363226184e+00
9.360440566219525582e-01,1.409804210485424258e+00,7.791905724299711400e-01,1.541971426764366715e+00,1.447267807516368521e+00
8.786164244286984726e-01,1.021841211042286979e+00,1.310057300697187621e+00,8.121433154330968129e-01,8.266235329952149602e-01
1.200908351005136598e+00,1.262885382804382672e+00,1.238795200701617638e+00,9.246775164767072619e-01,1.009245888986163076e+00
9.011546888145918199e-01,1.597627932325381694e+00,1.374179904140146125e+00,7.817451455792661097e-01,7.754804537612738358e-01
1.434183356339097770e+00,1.446345648594597133e+00,1.501317823188041523e+00,8.160181438626471495e-01,7.492887092724423992e-01
1.035867933818919173e+00,1.203692425922384901e+00,9.328740683996450400e-01,8.426113665807395403e-01,5.954735366856409584e-01
1.259323046307146532e+00,1.244477852612415614e+00,1.344741125704718376e+00,7.902766528265828816e-01,1.010715548891809812e+00
8.767513996733914405e-01,9.744525899439619998e-01,1.313868183604887774e+00,8.932091471425144258e-01,1.372764420523689077e+00
1.122889318056397023e+00,1.037991839089250856e+00,9.934649869925412657e-01,7.588469094096764733e-01,1.090354197043981843e+00
1.608839177306655044e+00,1.507966111793443975e+00,7.555363707695521569e-01,1.561285900878493837e+00,8.466202008416275904e-01
7.449044824323440839e-01,7.837266380510981012e-01,1.505495989819719771e+00,1.498198334133620246e+00,1.472525303030383981e+00
1.517865191741547770e+00,1.127995479294082948e+00,9.712007086447026483e-01,1.034395771019069654e+00,1.201832026024854727e+00
1.222967935868516820e+00,8.943337515833446050e-01,1.265925243756033991e+00,1.278407424599807163e+00,1.327851016494180802e+00
1.219348812972179452e+00,9.422469373133458559e-01,1.365950031087612038e+00,1.174478915989355832e+00,5.986187616025580027e-01
1.258031629131827867e+00,1.295888393431295471e+00,1.523976382322575596e+00,1.097378001975831685e+00,1.072445340521290591e+00
1.406384775372531815e+00,1.382101233478797209e+00,9.843418385314357533e-01,7.784685825149058047e-01,8.340121184087531114e-01
1.140597078806693032e+00,1.016712665549557526e+00,1.007103400254958814e+00,9.998799255375461215e-01,1.314273734154634665e+00
9.752718852883377476e-01,1.113277504290909770e+00,1.086616719924135666e+00,8.324608274696239096e-01,1.230108654164670856e+00
1.240259531105135871e+00,1.266344298221188325e+00,1.402032633349898916e+00,1.306398197972170827e+00,9.673247575857041314e-01
1.188133503988704653e+00,1.007513250275829941e+00,1.307853573678020132e+00,9.659263565538404039e-01,1.026232457096499573e+00
8.926160866227856872e-01,1.212284135246025629e+00,1.179346488119290992e+00,1.455768060086903182e+00,1.044323750410198315e+00
7.504710318737702890e-01,9.578948137630254323e-01,1.084327429034430024e+00,1.300509771142983828e+00,1.172298063677085000e+00
1.343673494400343893e+00,1.085973501425857801e+00,1.139515132027835609e+00,9.100552212765936622e-01,9.365611241919101770e-01
4.320515453097870107e-01,1.084017175883620121e+00,7.585573017903026738e-01,8.494031240260095927e-01,5.909764860141510923e-01
7.879171240850897373e-01,9.438229455285334080e-01,8.678110688955766872e-01,1.463094736131473672e+00,1.458824271609463041e+00
1.127541965621442932e+00,9.207491581518532087e-01,1.633962424693290894e+00,7.522164938994586603e-01,6.737782352149246368e-01
1.243863311703944374e+00,6.505837032530829012e-01,1.240222187207306259e+00,1.143364231293036548e+00,8.168479386836600131e-01
9.754812964487357130e-01,1.289899151460142335e+00,6.440306108869944257e-01,1.226549662284111664e+00,6.201226507696889767e-01
1.058265402763114205e+00,9.850213517009785980e-01,8.547041313395971063e-01,1.611653586967042751e+00,1.529036163769011081e+00
1.131321268247568845e+00,1.231170244200951780e+00,1.270461625697789865e+00,1.406475142149562929e+00,1.357723844107621147e+00
1.473345926871620248e+00,1.042598866330148644e+00,1.180718323466933839e+00,8.614036293209669237e-01,9.939019784850592343e-01
8.447986213692493251e-01,8.233903273788073518e-01,1.234725668113659580e+00,9.348292469576406916e-01,1.352459715133703000e+00
6.691639262495715501e-01,6.090136797807440550e-01,7.314305050069271896e-01,7.312194358819319451e-01,1.348736209893710125e+00
1.277614123083702369e+00,1.182195036215090589e+00,6.908210487271676525e-01,9.175165885597132975e-01,1.255741347467317581e+00
1.211550773605979625e+00,1.268112292206720282e+00,1.035411781557276090e+00,1.264073915245003121e+00,1.311012938217817059e+00
9.512643681484754810e-01,1.447327591592539431e+00,1.448241409726730877e+00,1.207723035886128837e+00,1.150533056303389090e+00
1.248374324920804801e+00,7.567647681860373288e-01,1.277512494892625305e+00,9.653554485856430389e-01,1.142296413009987077e+00
1.323034178791346882e+00,7.034029981573768353e-01,1.489011839894143208e+00,1.225109300368692367e+00,1.160084362343641207e+00
1.193075091986126601e+00,1.330412759736535611e+00,1.122115179595162049e+00,7.739822001872284085e-01,1.308627488199161082e+00
1.263137884348407569e+00,6.126116061586716066e-01,1.375908762214379299e+00,9.732785518806800207e-01,8.553913235619118316e-01
9.366898933538371219e-01,1.525413836750914687e+00,1.240172467703436254e+00,1.542772443130070004e+00,1.305913545532282782e+00
1.005072639551792824e+00,1.341368408668768275e+00,9.872772264313275370e-01,1.300886487479064879e+00,1.529355920539260172e+00
1.125046874737578362e+00,1.366470653025757098e+00,1.448242104144329190e+00,1.179262613354137068e+00,1.539674440369440678e+00
1.510348649974105228e+00,1.068109009359178518e+00,1.124904834854850932e+00,1.009946773304693179e+00,1.465271193771895852e+00
6.059402511191609442e-01,6.576156650951338056e-01,1.558649257571936175e+00,7.629702566643370432e-01,1.354256907878009564e+00
1.320702838156661674e+00,1.374719067562014008e+00,9.301754990440463944e-01,8.222706745308464571e-01,1.542718817632847683e+00
1.000389909136609967e+00,1.064520990004144574e+00,1.162312798499604449e+00,9.415594345172518809e-01,1.074749913159184000e+00
6.844847325789790160e-01,1.365108009238341413e+00,1.094588250691731712e+00,1.214811108872370093e+00,7.613081763394025092e-01
9.362658645018723247e-01,1.214497650162644327e+00,9.514886091396260737e-01,1.569894624532679028e+00,1.224380254702228443e+00
7.957176239540538765e-01,9.241703543633330575e-01,1.361517390340359457e+00,8.581921033254796827e-01,7.959091508892539579e-01
1.419047868360346021e+00,7.391267640093112101e-01,1.478595982825861910e+00,1.199374894142863246e+00,1.837036844026251226e+00
7.184782663195206087e-01,1.177000033456676586e+00,1.368308519003285095e+00,1.372616303077766498e+00,9.010303526314975553e-01
1.179621466452555056e+00,9.733172889757741864e-01,1.125976445326660969e+00,1.127443369192416611e+00,1.059383424236671978e+00
1.063682078649554441e+00,1.355040230345264440e+00,1.283806646825170761e+00,1.033551571184625706e+00,1.418290408972097350e+00
8.858782695108523564e-01,1.317867095340158112e+00,1.085686768259732204e+00,1.001156450670005471e+00,6.975334172717724268e-01
8.834948267878172112e-01,1.001798176719755906e+00,9.346075968696316849e-01,8.098762684215997654e-01,8.455404024066549562e-01
9.474254153595854655e-01,8.619902560720562601e-01,8.522176232404181651e-01,7.168361263244011905e-01,1.443686957265631232e+00
1.497813874900599140e+00,1.217318232757395702e+00,9.492249744948508816e-01,1.305019937319539913e+00,1.219457333410878030e+00
9.736151028735567925e-01,1.181944253714296345e+00,7.283265828552281107e-01,1.162658702593197813e+00,1.194555869001438841e+00
9.166185815326586273e-01,1.129143153693716650e+00,9.211461297713201546e-01,1.380513396185976127e+00,1.223545628731506962e+00
9.646539811223563410e-01,1.212045244839037084e+00,1.324634932483392591e+00,9.685004797293041978e-01,1.225371108143268550e+00
1.198860462280680661e+00,8.898716533044166432e-01,1.023875316812983938e+00,1.381049224773545303e+00,7.970731268396346048e-01
1.046782514158344002e+00,1.258186293158289004e+00,1.240314616764225830e+00,1.171905616333621669e+00,1.120952904958884000e+00
1.137669384709039777e+00,1.008718718904603406e+00,1.319319735570829044e+00,1.422473081517178439e+00,9.712974826827122099e-01
1.152234862248499914e+00,1.015828138233229927e+00,8.695430947254679799e-01,1.104778861270768964e+00,1.054583509393703045e+00
1.248579877623510415e+00,1.138176604565590777e+00,6.660727026770738579e-01,8.774222355694314412e-01,9.425146367072957387e-01
1.195464289660059798e+00,1.327117017923558961e+00,1.301099788402583224e+00,1.058923350817135844e+00,1.190570039725478813e+00
1.088010606956871129e+00,1.601586352051734163e+00,6.604881639657628201e-01,7.661807705907781596e-01,1.348516585956864411e+00
1.475626121864052065e-01,4.449192016504174840e-01,4.689649431631329746e-01,5.148538847246693084e-01,1.206623401387425076e+00
